obs_id,target
723S-hi56889.95646,KIC 10002866
1598S-hi57202.07562,KIC 10004738
1596S-hi56192.79616,KIC 10027323
1596Sc-hi56192.79616,KIC 10027323
1888S-hi56104.07776,KIC 10063802
991S-hi55707.11596,KIC 10154388
1078Sc-hi56195.87543,KIC 10166274
82S-hi55415.00347,KIC 10187017
82Sc-hi56208.79748,KIC 10187017
82Sc-hi56469.07603,KIC 10187017
82Sc-hi56473.91879,KIC 10187017
82Sc-hi56475.87005,KIC 10187017
82Sc-hi56482.85084,KIC 10187017
82Sc-hi56483.89320,KIC 10187017
82Sc-hi56484.79757,KIC 10187017
82Sc-hi56485.85060,KIC 10187017
82Sc-hi56486.92482,KIC 10187017
82Sc-hi56487.80065,KIC 10187017
82Sc-hi56489.83459,KIC 10187017
82Sc-hi56493.93025,KIC 10187017
82Sc-hi56497.99322,KIC 10187017
82Sc-hi56506.90269,KIC 10187017
82Sc-hi56507.89103,KIC 10187017
82Sc-hi56507.94054,KIC 10187017
82Sc-hi56512.85204,KIC 10187017
82Sc-hi56513.88260,KIC 10187017
82Sc-hi56518.88916,KIC 10187017
82Sc-hi56519.79515,KIC 10187017
82Sc-hi56521.81376,KIC 10187017
82Sc-hi56522.96305,KIC 10187017
82Sc-hi56523.79980,KIC 10187017
82Sc-hi56524.87705,KIC 10187017
82Sc-hi56525.76991,KIC 10187017
82Sc-hi56530.82095,KIC 10187017
82Sc-hi56531.86610,KIC 10187017
82Sc-hi56532.90462,KIC 10187017
82Sc-hi56533.83480,KIC 10187017
82Sc-hi56826.95966,KIC 10187017
82Sc-hi56843.04763,KIC 10187017
82Sc-hi56845.82799,KIC 10187017
82Sc-hi56866.98990,KIC 10187017
82Sc-hi57208.05616,KIC 10187017
82Sc-hi57216.05119,KIC 10187017
82ScH1-hi55312.07853,KIC 10187017
82ScH1-hi55373.83010,KIC 10187017
82ScH1-hi55402.92243,KIC 10187017
82ScH1-hi55414.82456,KIC 10187017
82ScH1-hi55415.00347,KIC 10187017
82ScH1-hi55428.77677,KIC 10187017
82ScH1-hi55431.75423,KIC 10187017
82ScH1-hi55431.76649,KIC 10187017
82ScH1-hi55439.77455,KIC 10187017
82ScH1-hi55440.88441,KIC 10187017
82ScH1-hi55752.08267,KIC 10187017
82ScH1-hi55752.92363,KIC 10187017
82ScH1-hi55752.94061,KIC 10187017
82ScH1-hi55759.88802,KIC 10187017
82ScH1-hi55760.82541,KIC 10187017
82ScH1-hi55787.78263,KIC 10187017
82ScH1-hi55788.79632,KIC 10187017
82ScH1-hi55794.98928,KIC 10187017
82ScH1-hi55795.87097,KIC 10187017
82ScH1-hi55809.76834,KIC 10187017
82ScH1-hi55810.76614,KIC 10187017
82ScH1-hi55811.84683,KIC 10187017
82ScH1-hi55814.77516,KIC 10187017
82ScH1-hi56110.04908,KIC 10187017
82ScH1-hi56110.87765,KIC 10187017
82ScH1-hi56111.88520,KIC 10187017
82ScH1-hi56112.91060,KIC 10187017
82ScH1-hi56113.89241,KIC 10187017
82ScH1-hi56115.09788,KIC 10187017
82ScH1-hi56133.87733,KIC 10187017
82ScH1-hi56134.91329,KIC 10187017
82ScH1-hi56141.04545,KIC 10187017
82ScH1-hi56144.83518,KIC 10187017
82ScH1-hi56145.83581,KIC 10187017
82ScH1-hi56166.82230,KIC 10187017
82ScH1-hi56172.78088,KIC 10187017
730S-hi56028.06187,KIC 10227020
730ScH1-hi56028.06187,KIC 10227020
733S-hi56172.88860,KIC 10271806
104S-hi55436.85706,KIC 10318874
104Sc-hi56525.81600,KIC 10318874
104Sc-hi56710.13075,KIC 10318874
104Sc-hi56829.86731,KIC 10318874
104Sc-hi57228.93859,KIC 10318874
104ScH1-hi55377.84190,KIC 10318874
104ScH1-hi55378.93428,KIC 10318874
104ScH1-hi55379.96165,KIC 10318874
104ScH1-hi55433.76124,KIC 10318874
104ScH1-hi55434.92788,KIC 10318874
104ScH1-hi55436.85706,KIC 10318874
104ScH1-hi55438.85211,KIC 10318874
104ScH1-hi55438.88150,KIC 10318874
104ScH1-hi55465.82985,KIC 10318874
104ScH1-hi55521.72985,KIC 10318874
104ScH1-hi55697.04911,KIC 10318874
104ScH1-hi55698.03702,KIC 10318874
104ScH1-hi55699.03469,KIC 10318874
104ScH1-hi55699.99722,KIC 10318874
104ScH1-hi55723.98000,KIC 10318874
104ScH1-hi55733.96082,KIC 10318874
104ScH1-hi55734.92079,KIC 10318874
104ScH1-hi55738.84930,KIC 10318874
104ScH1-hi55759.91226,KIC 10318874
104ScH1-hi55760.88208,KIC 10318874
104ScH1-hi55789.92247,KIC 10318874
104ScH1-hi55790.93990,KIC 10318874
104ScH1-hi55798.96940,KIC 10318874
104ScH1-hi55809.95667,KIC 10318874
104ScH1-hi55810.84588,KIC 10318874
104ScH1-hi56077.02508,KIC 10318874
104ScH1-hi56115.87591,KIC 10318874
104ScH1-hi56135.06685,KIC 10318874
104ScH1-hi56147.94619,KIC 10318874
104ScH1-hi56176.76208,KIC 10318874
1880S-hi58292.00515,KIC 10332883
333S-hi55706.03694,KIC 10337258
738S-hi56874.06315,KIC 10358759
739S-hi58350.96010,KIC 10386984
596S-hi58294.09355,KIC 10388286
1161S-hi56875.09312,KIC 10426656
1877S-hi56110.81464,KIC 10454632
1163S-hi57211.12086,KIC 10468940
251S-hi58264.02597,KIC 10489206
1162S-hi55738.89220,KIC 10528068
1301S-hi57243.02234,KIC 10538176
338S-hi55674.04624,KIC 10552611
534S-hi56875.07959,KIC 10554999
475S-hi56846.84530,KIC 10577994
1314S-hi55738.97461,KIC 10585852
275S-hi55664.11994,KIC 10586004
275Sc-hi56912.96681,KIC 10586004
1308S-hi55796.97863,KIC 10586208
87S-hi55809.79659,KIC 10593626
87Sc-hi56485.06083,KIC 10593626
87Sc-hi56487.03742,KIC 10593626
87Sc-hi56521.98602,KIC 10593626
87Sc-hi56829.88845,KIC 10593626
87Sc-hi56895.99370,KIC 10593626
87Sc-hi56908.84948,KIC 10593626
87Sc-hi57209.91363,KIC 10593626
87ScH1-hi55425.88591,KIC 10593626
87ScH1-hi55440.91592,KIC 10593626
87ScH1-hi55464.74907,KIC 10593626
87ScH1-hi55672.01394,KIC 10593626
87ScH1-hi55751.99308,KIC 10593626
87ScH1-hi55759.94314,KIC 10593626
87ScH1-hi55760.84732,KIC 10593626
87ScH1-hi55769.91331,KIC 10593626
87ScH1-hi55781.77964,KIC 10593626
87ScH1-hi55787.80476,KIC 10593626
87ScH1-hi55788.86620,KIC 10593626
87ScH1-hi55789.89557,KIC 10593626
87ScH1-hi55790.77160,KIC 10593626
87ScH1-hi55791.85153,KIC 10593626
87ScH1-hi55794.95650,KIC 10593626
87ScH1-hi55796.91038,KIC 10593626
87ScH1-hi55798.93912,KIC 10593626
87ScH1-hi55809.79659,KIC 10593626
87ScH1-hi55877.75988,KIC 10593626
87ScH1-hi55914.70342,KIC 10593626
87ScH1-hi56075.95060,KIC 10593626
87ScH1-hi56113.92706,KIC 10593626
87ScH1-hi56163.93608,KIC 10593626
87ScH1-hi56178.73253,KIC 10593626
476S-hi58304.05088,KIC 10599206
597S-hi57230.92642,KIC 10600261
749S-hi57216.08133,KIC 10601284
203S-hi55797.04631,KIC 10619192
203ScH1-hi55455.79092,KIC 10619192
598S-hi56894.77529,KIC 10656823
1837S-hi56109.88793,KIC 10657406
2S-hi55726.10345,KIC 10666592
1797S-hi55809.01282,KIC 10676014
209S-hi56134.85217,KIC 10723750
209ScH1-hi55352.06811,KIC 10723750
1305S-hi57223.05857,KIC 10730034
3S-hi55726.09186,KIC 10748390
1288S-hi56179.86394,KIC 10790387
752S-hi57236.89625,KIC 10797460
431S-hi56849.97175,KIC 10843590
1306S-hi56208.91747,KIC 10858691
1299S-hi55636.10805,KIC 10864656
756S-hi56883.06383,KIC 10872983
117S-hi55669.12792,KIC 10875245
117Sc-hi56525.83909,KIC 10875245
117Sc-hi56533.94753,KIC 10875245
117ScH1-hi56074.04456,KIC 10875245
341S-hi55673.12594,KIC 10878263
46S-hi55735.89155,KIC 10905239
757S-hi56881.97736,KIC 10910878
156S-hi55763.00072,KIC 10925104
433S-hi56153.07227,KIC 10937029
433Sc-hi56853.95513,KIC 10937029
433Sc-hi56880.86487,KIC 10937029
433Sc-hi56907.88016,KIC 10937029
433ScH1-hi56153.07227,KIC 10937029
1612S-hi55703.98731,KIC 10963065
1612Sc-hi56494.07241,KIC 10963065
1612Sc-hi56494.90789,KIC 10963065
1612Sc-hi56494.91974,KIC 10963065
1612Sc-hi56846.97167,KIC 10963065
1612Sc-hi56866.09296,KIC 10963065
1612Sc-hi56891.73818,KIC 10963065
1612Sc-hi56910.92528,KIC 10963065
1612Sc-hi56910.92805,KIC 10963065
1612Sc-hi56911.95158,KIC 10963065
1612Sc-hi56911.95620,KIC 10963065
1612Sc-hi57264.97264,KIC 10963065
1612Sc-hi57264.97503,KIC 10963065
1307S-hi57210.01436,KIC 10973814
343S-hi55673.08125,KIC 10982872
112S-hi55704.04716,KIC 10984090
1432S-hi56209.84700,KIC 11014932
344S-hi55706.04713,KIC 11015108
479S-hi55851.85045,KIC 11015323
1800S-hi56075.89112,KIC 11017901
759S-hi56863.84539,KIC 11018648
1439S-hi56495.08398,KIC 11027624
1439Sc-hi56474.87768,KIC 11027624
1439Sc-hi56487.77979,KIC 11027624
1439Sc-hi56495.08398,KIC 11027624
1439Sc-hi56518.83675,KIC 11027624
1439Sc-hi56531.81201,KIC 11027624
1439Sc-hi57265.03397,KIC 11027624
1444S-hi55789.08411,KIC 11043167
345S-hi55706.00380,KIC 11074541
346S-hi55706.09730,KIC 11100383
2792S-hi56172.97601,KIC 11127479
276S-hi55664.12667,KIC 11133306
481S-hi57245.88884,KIC 11192998
1438S-hi55850.87414,KIC 11193263
348S-hi55791.03493,KIC 11194032
107S-hi55704.03473,KIC 11250587
294S-hi55704.02708,KIC 11259686
241S-hi55878.79731,KIC 11288051
246S-hi55410.86073,KIC 11295426
246Sc-hi56345.15520,KIC 11295426
246Sc-hi56475.84358,KIC 11295426
246Sc-hi56498.07016,KIC 11295426
246Sc-hi56513.04411,KIC 11295426
246Sc-hi56519.91955,KIC 11295426
246Sc-hi56846.88202,KIC 11295426
246Sc-hi56892.75950,KIC 11295426
246Sc-hi56892.76584,KIC 11295426
246Sc-hi56892.77232,KIC 11295426
246Sc-hi56906.73510,KIC 11295426
246Sc-hi56906.74109,KIC 11295426
246Sc-hi56906.74724,KIC 11295426
246Sc-hi57203.07461,KIC 11295426
246Sc-hi57203.08251,KIC 11295426
246Sc-hi57218.10324,KIC 11295426
246Sc-hi57233.05913,KIC 11295426
246Sc-hi57233.06571,KIC 11295426
246ScH1-hi55313.08184,KIC 11295426
246ScH1-hi55319.10946,KIC 11295426
246ScH1-hi55322.05055,KIC 11295426
246ScH1-hi55372.98274,KIC 11295426
246ScH1-hi55377.92904,KIC 11295426
246ScH1-hi55381.00021,KIC 11295426
246ScH1-hi55396.96276,KIC 11295426
246ScH1-hi55400.01974,KIC 11295426
246ScH1-hi55410.86073,KIC 11295426
246ScH1-hi55412.92253,KIC 11295426
246ScH1-hi55426.91336,KIC 11295426
246ScH1-hi55431.01815,KIC 11295426
246ScH1-hi55431.78406,KIC 11295426
246ScH1-hi55434.87008,KIC 11295426
246ScH1-hi55434.87648,KIC 11295426
246ScH1-hi55435.93125,KIC 11295426
246ScH1-hi55436.96846,KIC 11295426
246ScH1-hi55436.97455,KIC 11295426
246ScH1-hi55437.94035,KIC 11295426
246ScH1-hi55437.94979,KIC 11295426
246ScH1-hi55438.99142,KIC 11295426
246ScH1-hi55439.00262,KIC 11295426
246ScH1-hi55439.92352,KIC 11295426
246ScH1-hi55439.93155,KIC 11295426
246ScH1-hi55440.97122,KIC 11295426
246ScH1-hi55440.98030,KIC 11295426
246ScH1-hi55455.80996,KIC 11295426
246ScH1-hi55490.82964,KIC 11295426
246ScH1-hi55672.02642,KIC 11295426
246ScH1-hi55672.99840,KIC 11295426
246ScH1-hi55673.99577,KIC 11295426
246ScH1-hi55696.97392,KIC 11295426
246ScH1-hi55697.96443,KIC 11295426
246ScH1-hi55698.96230,KIC 11295426
246ScH1-hi55722.99496,KIC 11295426
246ScH1-hi55724.03363,KIC 11295426
246ScH1-hi55728.90094,KIC 11295426
246ScH1-hi55734.06407,KIC 11295426
246ScH1-hi55734.95104,KIC 11295426
246ScH1-hi55735.97473,KIC 11295426
246ScH1-hi55739.03418,KIC 11295426
246ScH1-hi55751.79695,KIC 11295426
246ScH1-hi55752.10470,KIC 11295426
246ScH1-hi55752.77896,KIC 11295426
246ScH1-hi55759.97517,KIC 11295426
246ScH1-hi55761.07646,KIC 11295426
246ScH1-hi55761.84184,KIC 11295426
246ScH1-hi55763.03274,KIC 11295426
246ScH1-hi55763.85104,KIC 11295426
246ScH1-hi55782.90786,KIC 11295426
246ScH1-hi55795.02425,KIC 11295426
246ScH1-hi55814.73595,KIC 11295426
246ScH1-hi56077.04518,KIC 11295426
246ScH1-hi56098.09379,KIC 11295426
246ScH1-hi56098.82899,KIC 11295426
246ScH1-hi56102.00790,KIC 11295426
246ScH1-hi56114.87187,KIC 11295426
246ScH1-hi56145.87541,KIC 11295426
246ScH1-hi56148.92877,KIC 11295426
246ScH1-hi56151.06087,KIC 11295426
246ScH1-hi56153.98304,KIC 11295426
246ScH1-hi56174.82657,KIC 11295426
1802S-hi56099.12431,KIC 11298298
128S-hi55783.05672,KIC 11359879
330S-hi55790.08560,KIC 11361646
1436S-hi56854.85435,KIC 11389771
1428S-hi56882.02588,KIC 11401182
277S-hi56889.92818,KIC 11401755
277Sc-hi56202.74641,KIC 11401755
277Sc-hi56880.98583,KIC 11401755
277Sc-hi56889.92818,KIC 11401755
277Sc-hi56892.94748,KIC 11401755
277Sc-hi56909.87158,KIC 11401755
277Sc-hi56912.82653,KIC 11401755
277Sc-hi57151.07637,KIC 11401755
277Sc-hi57180.09681,KIC 11401755
277Sc-hi57208.09563,KIC 11401755
277Sc-hi57232.98418,KIC 11401755
277Sc-hi57243.08217,KIC 11401755
277ScH1-hi56138.95933,KIC 11401755
173S-hi55791.00648,KIC 11402995
351S-hi56209.75702,KIC 11442793
1S-hi55728.92173,KIC 11446443
1434S-hi58294.00775,KIC 11493431
195S-hi56907.88473,KIC 11502867
195Sc-hi56907.88473,KIC 11502867
168S-hi56151.97748,KIC 11512246
352S-hi55735.89919,KIC 11521793
1655S-hi56116.09909,KIC 11547505
295S-hi55669.11987,KIC 11547513
295Sc-hi56913.89269,KIC 11547513
295ScH1-hi55810.81878,KIC 11547513
63S-hi55791.81339,KIC 11554435
63ScH1-gm55044.96927,KIC 11554435
1442S-hi56850.95791,KIC 11600889
1442Sc-hi56446.92439,KIC 11600889
1442Sc-hi56842.07958,KIC 11600889
1442Sc-hi56842.10079,KIC 11600889
1442Sc-hi56843.08236,KIC 11600889
1442Sc-hi56843.86060,KIC 11600889
1442Sc-hi56843.88390,KIC 11600889
1442Sc-hi56844.08250,KIC 11600889
1442Sc-hi56844.10397,KIC 11600889
1442Sc-hi56844.79847,KIC 11600889
1442Sc-hi56845.08418,KIC 11600889
1442Sc-hi56845.10627,KIC 11600889
1442Sc-hi56845.77689,KIC 11600889
1442Sc-hi56845.79864,KIC 11600889
1442Sc-hi56846.08591,KIC 11600889
1442Sc-hi56846.10708,KIC 11600889
1442Sc-hi56846.78053,KIC 11600889
1442Sc-hi56846.80370,KIC 11600889
1442Sc-hi56847.08664,KIC 11600889
1442Sc-hi56847.10517,KIC 11600889
1442Sc-hi56847.77603,KIC 11600889
1442Sc-hi56848.78544,KIC 11600889
1442Sc-hi56848.81236,KIC 11600889
1442Sc-hi56849.08624,KIC 11600889
1442Sc-hi56849.10926,KIC 11600889
1442Sc-hi56849.78436,KIC 11600889
1442Sc-hi56849.80438,KIC 11600889
1442Sc-hi56850.08609,KIC 11600889
1442Sc-hi56850.10729,KIC 11600889
1442Sc-hi56850.79046,KIC 11600889
1442Sc-hi56850.81137,KIC 11600889
1442Sc-hi56850.95791,KIC 11600889
1442Sc-hi56851.07996,KIC 11600889
1442Sc-hi56851.10156,KIC 11600889
1442Sc-hi56851.80848,KIC 11600889
1442Sc-hi56851.83013,KIC 11600889
1442Sc-hi56852.08276,KIC 11600889
1442Sc-hi56853.81617,KIC 11600889
1442Sc-hi56854.08368,KIC 11600889
1442Sc-hi56854.10793,KIC 11600889
1442Sc-hi56854.81854,KIC 11600889
1442Sc-hi56854.83985,KIC 11600889
1442Sc-hi56855.80970,KIC 11600889
1442Sc-hi56855.83086,KIC 11600889
1442Sc-hi56856.07862,KIC 11600889
1442Sc-hi56856.09999,KIC 11600889
1442Sc-hi56881.84829,KIC 11600889
1442Sc-hi56881.86694,KIC 11600889
1442Sc-hi56882.85035,KIC 11600889
1442Sc-hi56882.87120,KIC 11600889
1442Sc-hi56883.87197,KIC 11600889
1442Sc-hi56888.87037,KIC 11600889
1442Sc-hi56888.89147,KIC 11600889
1442Sc-hi56889.86570,KIC 11600889
1442Sc-hi56889.88674,KIC 11600889
1442Sc-hi56891.86834,KIC 11600889
1442Sc-hi56891.89415,KIC 11600889
1442Sc-hi56892.86269,KIC 11600889
1442Sc-hi56892.88423,KIC 11600889
1442Sc-hi56893.88470,KIC 11600889
1442Sc-hi56893.90607,KIC 11600889
1442Sc-hi56894.87709,KIC 11600889
1442Sc-hi56894.89848,KIC 11600889
1442Sc-hi56895.88763,KIC 11600889
1442Sc-hi56895.90898,KIC 11600889
1442Sc-hi57245.95753,KIC 11600889
1424S-hi58628.91984,KIC 11611600
355S-hi55673.05842,KIC 11621223
1532S-hi55738.89975,KIC 11656246
167S-hi55673.09107,KIC 11666881
1535S-hi55738.93057,KIC 11669125
1894S-hi56134.03412,KIC 11673802
435S-hi56196.84949,KIC 11709124
1832S-hi57207.09815,KIC 11709244
1883S-hi55808.88531,KIC 11758544
620S-hi56856.04593,KIC 11773022
296S-hi55704.05313,KIC 11802615
20S-hi55374.03207,KIC 11804465
20Sc-hi57203.88088,KIC 11804465
20ScH1-gm55014.91233,KIC 11804465
20ScH1-gm55016.79103,KIC 11804465
20ScH1-gm55017.03001,KIC 11804465
20ScH1-gm55017.10568,KIC 11804465
20ScH1-gm55019.11155,KIC 11804465
20ScH1-gm55027.05630,KIC 11804465
20ScH1-gm55041.99854,KIC 11804465
20ScH1-gm55042.79449,KIC 11804465
20ScH1-gm55073.83165,KIC 11804465
20ScH1-gm55075.83091,KIC 11804465
20ScH1-gm55079.83631,KIC 11804465
20ScH1-gm55079.85433,KIC 11804465
20ScH1-gm55080.87564,KIC 11804465
20ScH1-gm55084.86253,KIC 11804465
20ScH1-gm55134.82606,KIC 11804465
20ScH1-hi55374.03207,KIC 11804465
20ScH1-hi55437.78012,KIC 11804465
20ScH1-hi55439.75381,KIC 11804465
20ScH1-hi55759.86617,KIC 11804465
20ScH1-hi55761.82489,KIC 11804465
262S-hi56865.06162,KIC 11807274
262Sc-hi56847.70000,KIC 11807274
262Sc-hi56849.86925,KIC 11807274
262Sc-hi56852.10821,KIC 11807274
262Sc-hi56853.07180,KIC 11807274
262Sc-hi56856.12108,KIC 11807274
262Sc-hi56865.06162,KIC 11807274
262Sc-hi56865.08321,KIC 11807274
262Sc-hi56865.75270,KIC 11807274
262Sc-hi56866.88833,KIC 11807274
262Sc-hi56872.08287,KIC 11807274
262Sc-hi56873.09373,KIC 11807274
262Sc-hi56880.93609,KIC 11807274
262Sc-hi56883.97910,KIC 11807274
262Sc-hi56889.04012,KIC 11807274
262Sc-hi56891.83024,KIC 11807274
262Sc-hi56893.01279,KIC 11807274
262Sc-hi56893.76013,KIC 11807274
262Sc-hi56906.72644,KIC 11807274
262Sc-hi56907.74070,KIC 11807274
262Sc-hi56908.76933,KIC 11807274
262Sc-hi56909.95103,KIC 11807274
262Sc-hi56910.87263,KIC 11807274
262Sc-hi56911.96792,KIC 11807274
262Sc-hi56912.95996,KIC 11807274
262Sc-hi57000.68888,KIC 11807274
262Sc-hi57151.02766,KIC 11807274
262Sc-hi57179.95326,KIC 11807274
262Sc-hi57198.02386,KIC 11807274
262Sc-hi57203.00112,KIC 11807274
262Sc-hi57208.12178,KIC 11807274
262Sc-hi57211.08419,KIC 11807274
262Sc-hi57216.02883,KIC 11807274
262Sc-hi57218.06507,KIC 11807274
262Sc-hi57222.10414,KIC 11807274
262Sc-hi57232.97185,KIC 11807274
262ScH1-hi56103.03178,KIC 11807274
543S-hi56865.11476,KIC 11823054
7S-hi55043.93717,KIC 11853905
7Sc-hi57200.95525,KIC 11853905
7ScH1-gm55041.99099,KIC 11853905
7ScH1-gm55042.81847,KIC 11853905
7ScH1-gm55042.82644,KIC 11853905
7ScH1-gm55043.92170,KIC 11853905
7ScH1-gm55043.93717,KIC 11853905
7ScH1-gm55045.02218,KIC 11853905
7ScH1-gm55048.88676,KIC 11853905
7ScH1-gm55073.80798,KIC 11853905
7ScH1-gm55074.79669,KIC 11853905
7ScH1-gm55076.96291,KIC 11853905
7ScH1-gm55078.83041,KIC 11853905
7ScH1-gm55078.84483,KIC 11853905
7ScH1-gm55078.85939,KIC 11853905
7ScH1-gm55078.90310,KIC 11853905
7ScH1-gm55079.94826,KIC 11853905
7ScH1-gm55080.77069,KIC 11853905
7ScH1-gm55081.79009,KIC 11853905
7ScH1-gm55081.81274,KIC 11853905
7ScH1-gm55082.96540,KIC 11853905
7ScH1-gm55106.79478,KIC 11853905
7ScH1-gm55110.76594,KIC 11853905
7ScH1-gm55111.75986,KIC 11853905
7ScH1-gm55134.71461,KIC 11853905
7ScH1-hi55396.95287,KIC 11853905
7ScH1-hi55471.83435,KIC 11853905
7ScH1-hi56134.98001,KIC 11853905
72S-hi55081.89546,KIC 11904151
72Sc-hi56826.89803,KIC 11904151
72Sc-hi56842.00194,KIC 11904151
72Sc-hi56842.95446,KIC 11904151
72Sc-hi56843.95104,KIC 11904151
72Sc-hi56862.87453,KIC 11904151
72Sc-hi56863.86017,KIC 11904151
72Sc-hi56864.90047,KIC 11904151
72Sc-hi56865.94573,KIC 11904151
72Sc-hi56882.93477,KIC 11904151
72Sc-hi56883.77061,KIC 11904151
72Sc-hi56889.01246,KIC 11904151
72Sc-hi56906.90988,KIC 11904151
72Sc-hi56907.77185,KIC 11904151
72Sc-hi56908.97676,KIC 11904151
72Sc-hi56909.88478,KIC 11904151
72Sc-hi56913.74157,KIC 11904151
72Sc-hi57151.11485,KIC 11904151
72Sc-hi57180.07502,KIC 11904151
72Sc-hi57235.97162,KIC 11904151
72Sc-hi57354.71031,KIC 11904151
72Sc-hi57355.70642,KIC 11904151
72ScH1-gm55073.90049,KIC 11904151
72ScH1-gm55074.87779,KIC 11904151
72ScH1-gm55075.77334,KIC 11904151
72ScH1-gm55076.86285,KIC 11904151
72ScH1-gm55077.92340,KIC 11904151
72ScH1-gm55078.92239,KIC 11904151
72ScH1-gm55079.97287,KIC 11904151
72ScH1-gm55080.89606,KIC 11904151
72ScH1-gm55081.89546,KIC 11904151
72ScH1-gm55081.96927,KIC 11904151
72ScH1-gm55082.84788,KIC 11904151
72ScH1-gm55083.76085,KIC 11904151
72ScH1-gm55083.94538,KIC 11904151
72ScH1-gm55084.87799,KIC 11904151
72ScH1-gm55106.88991,KIC 11904151
72ScH1-gm55108.88512,KIC 11904151
72ScH1-gm55108.89092,KIC 11904151
72ScH1-gm55111.83010,KIC 11904151
72ScH1-gm55169.71177,KIC 11904151
72ScH1-gm55169.72092,KIC 11904151
72ScH1-gm55169.73389,KIC 11904151
72ScH1-gm55170.71511,KIC 11904151
72ScH1-gm55170.73365,KIC 11904151
72ScH1-hi55312.04715,KIC 11904151
72ScH1-hi55313.00412,KIC 11904151
72ScH1-hi55314.00481,KIC 11904151
72ScH1-hi55315.11127,KIC 11904151
72ScH1-hi55317.99847,KIC 11904151
72ScH1-hi55318.12128,KIC 11904151
72ScH1-hi55319.02717,KIC 11904151
72ScH1-hi55320.06297,KIC 11904151
72ScH1-hi55321.00652,KIC 11904151
72ScH1-hi55321.96946,KIC 11904151
72ScH1-hi55343.05004,KIC 11904151
72ScH1-hi55344.03195,KIC 11904151
72ScH1-hi55344.96465,KIC 11904151
72ScH1-hi55344.97723,KIC 11904151
72ScH1-hi55345.06831,KIC 11904151
72ScH1-hi55350.97274,KIC 11904151
72ScH1-hi55351.98774,KIC 11904151
72ScH1-hi55373.81361,KIC 11904151
72ScH1-hi55376.86488,KIC 11904151
72ScH1-hi55379.90211,KIC 11904151
72ScH1-hi55403.89796,KIC 11904151
72ScH1-hi55405.05608,KIC 11904151
72ScH1-hi55407.01277,KIC 11904151
72ScH1-hi55411.98572,KIC 11904151
72ScH1-hi55412.80526,KIC 11904151
72ScH1-hi55414.80255,KIC 11904151
72ScH1-hi56103.10673,KIC 11904151
72ScH1-hi56172.80130,KIC 11904151
297S-hi55664.14556,KIC 11905011
781S-hi58383.81697,KIC 11923270
186S-hi56907.96260,KIC 12019440
186Sc-hi56907.96260,KIC 12019440
265S-hi55792.84105,KIC 12024120
265Sc-hi56473.88726,KIC 12024120
265Sc-hi56475.06777,KIC 12024120
265Sc-hi56475.89622,KIC 12024120
265Sc-hi56477.04987,KIC 12024120
265Sc-hi56485.97109,KIC 12024120
265Sc-hi56488.06325,KIC 12024120
265Sc-hi56490.01590,KIC 12024120
265Sc-hi56507.99766,KIC 12024120
265Sc-hi56513.02714,KIC 12024120
265Sc-hi56521.95865,KIC 12024120
265Sc-hi56523.87958,KIC 12024120
265Sc-hi56524.80973,KIC 12024120
265Sc-hi56530.88150,KIC 12024120
265Sc-hi56532.85400,KIC 12024120
265Sc-hi56826.87700,KIC 12024120
265Sc-hi56846.92236,KIC 12024120
265Sc-hi56848.11260,KIC 12024120
265Sc-hi56849.85473,KIC 12024120
265Sc-hi56851.91475,KIC 12024120
265Sc-hi56863.09905,KIC 12024120
265Sc-hi56866.00433,KIC 12024120
265Sc-hi56873.06662,KIC 12024120
265Sc-hi56875.05834,KIC 12024120
265Sc-hi56882.06838,KIC 12024120
265Sc-hi56883.93122,KIC 12024120
265Sc-hi57211.90065,KIC 12024120
265Sc-hi57213.99742,KIC 12024120
265Sc-hi57229.85590,KIC 12024120
265Sc-hi57232.09904,KIC 12024120
265ScH1-hi55783.02238,KIC 12024120
265ScH1-hi55788.77107,KIC 12024120
265ScH1-hi55790.01887,KIC 12024120
265ScH1-hi55792.04785,KIC 12024120
265ScH1-hi55792.84105,KIC 12024120
265ScH1-hi55794.05861,KIC 12024120
265ScH1-hi55795.97331,KIC 12024120
265ScH1-hi55798.01281,KIC 12024120
265ScH1-hi55811.79133,KIC 12024120
265ScH1-hi56102.05366,KIC 12024120
265ScH1-hi56145.00068,KIC 12024120
265ScH1-hi56147.04384,KIC 12024120
265ScH1-hi56164.86515,KIC 12024120
265ScH1-hi56166.86892,KIC 12024120
546S-hi57207.08254,KIC 12058931
623S-hi55664.12452,KIC 12068975
623Sc-hi56910.91641,KIC 12068975
623Sc-hi57242.98203,KIC 12068975
1536S-hi55738.96927,KIC 12159249
153S-hi55405.97467,KIC 12252424
153Sc-hi56473.94764,KIC 12252424
153Sc-hi56476.89736,KIC 12252424
153Sc-hi56493.03329,KIC 12252424
153Sc-hi56523.75458,KIC 12252424
153Sc-hi56524.85331,KIC 12252424
153Sc-hi56828.97878,KIC 12252424
153Sc-hi56845.99711,KIC 12252424
153Sc-hi56865.97265,KIC 12252424
153Sc-hi56880.80246,KIC 12252424
153Sc-hi56883.02873,KIC 12252424
153Sc-hi56892.82306,KIC 12252424
153Sc-hi56895.03103,KIC 12252424
153Sc-hi56906.76287,KIC 12252424
153Sc-hi56909.79719,KIC 12252424
153Sc-hi56911.79378,KIC 12252424
153Sc-hi57211.05823,KIC 12252424
153ScH1-hi55314.09153,KIC 12252424
153ScH1-hi55373.88470,KIC 12252424
153ScH1-hi55376.89619,KIC 12252424
153ScH1-hi55378.90169,KIC 12252424
153ScH1-hi55381.02029,KIC 12252424
153ScH1-hi55405.97467,KIC 12252424
153ScH1-hi55428.82838,KIC 12252424
153ScH1-hi55435.80460,KIC 12252424
153ScH1-hi55437.84608,KIC 12252424
153ScH1-hi55437.88287,KIC 12252424
153ScH1-hi55697.11058,KIC 12252424
153ScH1-hi55698.00487,KIC 12252424
153ScH1-hi55699.00229,KIC 12252424
153ScH1-hi55700.06666,KIC 12252424
153ScH1-hi55735.00257,KIC 12252424
153ScH1-hi55752.83094,KIC 12252424
153ScH1-hi55761.05850,KIC 12252424
153ScH1-hi55789.95297,KIC 12252424
153ScH1-hi55792.01785,KIC 12252424
153ScH1-hi55796.87242,KIC 12252424
153ScH1-hi55811.81679,KIC 12252424
153ScH1-hi56110.98336,KIC 12252424
153ScH1-hi56112.97342,KIC 12252424
153ScH1-hi56144.03741,KIC 12252424
153ScH1-hi56147.01403,KIC 12252424
438ScH1-hi56147.99071,KIC 12302530
1474S-hi56074.07802,KIC 12365184
1478S-hi55738.96289,KIC 12403119
486S-hi55851.88491,KIC 12404305
361S-hi55705.97274,KIC 12404954
1001S-hi55738.92533,KIC 1871056
988S-hi55706.98405,KIC 2302548
440S-hi56167.01033,KIC 2438264
166S-hi55706.99133,KIC 2441495
84S-hi55724.09212,KIC 2571238
84Sc-hi56881.88884,KIC 2571238
84Sc-hi57208.94618,KIC 2571238
84Sc-hi57233.02246,KIC 2571238
84ScH1-gm55073.91906,KIC 2571238
84ScH1-gm55074.89333,KIC 2571238
84ScH1-gm55075.92713,KIC 2571238
84ScH1-gm55076.90277,KIC 2571238
84ScH1-gm55077.93645,KIC 2571238
84ScH1-gm55080.81249,KIC 2571238
84ScH1-gm55080.91039,KIC 2571238
84ScH1-gm55081.98332,KIC 2571238
84ScH1-gm55082.86068,KIC 2571238
84ScH1-gm55083.90775,KIC 2571238
84ScH1-gm55084.93053,KIC 2571238
84ScH1-gm55106.86205,KIC 2571238
84ScH1-gm55110.85530,KIC 2571238
84ScH1-gm55134.80530,KIC 2571238
84ScH1-hi55320.11318,KIC 2571238
84ScH1-hi55402.95587,KIC 2571238
84ScH1-hi55407.82687,KIC 2571238
84ScH1-hi55412.98127,KIC 2571238
84ScH1-hi55430.99672,KIC 2571238
84ScH1-hi55435.87918,KIC 2571238
84ScH1-hi55723.07368,KIC 2571238
84ScH1-hi55723.94980,KIC 2571238
84ScH1-hi55724.09212,KIC 2571238
299S-hi55426.88446,KIC 2692377
299Sc-hi56208.77349,KIC 2692377
299Sc-hi56449.96671,KIC 2692377
299Sc-hi56476.93068,KIC 2692377
299Sc-hi56477.78714,KIC 2692377
299Sc-hi56484.00392,KIC 2692377
299Sc-hi56486.04767,KIC 2692377
299Sc-hi56486.90044,KIC 2692377
299Sc-hi56488.03576,KIC 2692377
299Sc-hi56494.03247,KIC 2692377
299Sc-hi56520.02449,KIC 2692377
299Sc-hi56530.91370,KIC 2692377
299Sc-hi56828.09722,KIC 2692377
299Sc-hi56831.07308,KIC 2692377
299Sc-hi56844.01093,KIC 2692377
299Sc-hi56849.91092,KIC 2692377
299Sc-hi56851.99770,KIC 2692377
299Sc-hi56864.02811,KIC 2692377
299Sc-hi56907.75393,KIC 2692377
299Sc-hi57223.03341,KIC 2692377
299ScH1-hi55404.01150,KIC 2692377
299ScH1-hi55406.94381,KIC 2692377
299ScH1-hi55407.87177,KIC 2692377
299ScH1-hi55411.92739,KIC 2692377
299ScH1-hi55413.94711,KIC 2692377
299ScH1-hi55414.85212,KIC 2692377
299ScH1-hi55426.88446,KIC 2692377
299ScH1-hi55433.79275,KIC 2692377
299ScH1-hi55434.77154,KIC 2692377
299ScH1-hi55437.91828,KIC 2692377
299ScH1-hi55440.85292,KIC 2692377
299ScH1-hi55735.03488,KIC 2692377
299ScH1-hi55751.84307,KIC 2692377
299ScH1-hi55760.04075,KIC 2692377
299ScH1-hi55760.90980,KIC 2692377
299ScH1-hi55796.00298,KIC 2692377
299ScH1-hi55797.81628,KIC 2692377
299ScH1-hi55807.98811,KIC 2692377
299ScH1-hi55810.91768,KIC 2692377
299ScH1-hi55811.76228,KIC 2692377
299ScH1-hi56113.00473,KIC 2692377
299ScH1-hi56114.05315,KIC 2692377
1024S-hi58292.08415,KIC 2715135
1116S-hi55763.08644,KIC 2849805
986S-hi55851.89710,KIC 2854698
1113S-hi55791.97969,KIC 2854914
197S-hi55843.91340,KIC 2987027
1824S-hi55850.80693,KIC 2989404
273S-hi55809.82593,KIC 3102384
273Sc-hi56451.07884,KIC 3102384
273Sc-hi56474.99285,KIC 3102384
273Sc-hi56475.92069,KIC 3102384
273Sc-hi56485.03069,KIC 3102384
273Sc-hi56489.92375,KIC 3102384
273Sc-hi56523.01984,KIC 3102384
273Sc-hi56532.76022,KIC 3102384
273Sc-hi56547.85069,KIC 3102384
273Sc-hi56613.72317,KIC 3102384
273Sc-hi56844.99508,KIC 3102384
273Sc-hi56846.02606,KIC 3102384
273Sc-hi56856.02520,KIC 3102384
273Sc-hi56862.94048,KIC 3102384
273Sc-hi56866.06380,KIC 3102384
273Sc-hi56872.06928,KIC 3102384
273Sc-hi56881.78679,KIC 3102384
273Sc-hi56882.91364,KIC 3102384
273Sc-hi56893.78139,KIC 3102384
273Sc-hi56894.99978,KIC 3102384
273Sc-hi56906.88421,KIC 3102384
273Sc-hi56907.91903,KIC 3102384
273Sc-hi56909.90926,KIC 3102384
273Sc-hi56912.73935,KIC 3102384
273Sc-hi57000.70378,KIC 3102384
273Sc-hi57001.72405,KIC 3102384
273Sc-hi57230.87956,KIC 3102384
273ScH1-hi55431.80934,KIC 3102384
273ScH1-hi55782.92471,KIC 3102384
273ScH1-hi55792.86379,KIC 3102384
273ScH1-hi55792.89559,KIC 3102384
273ScH1-hi55797.79512,KIC 3102384
273ScH1-hi55809.82593,KIC 3102384
273ScH1-hi56110.90360,KIC 3102384
273ScH1-hi56115.93445,KIC 3102384
273ScH1-hi56147.86283,KIC 3102384
273ScH1-hi56163.82169,KIC 3102384
273ScH1-hi56164.90580,KIC 3102384
273ScH1-hi56173.90812,KIC 3102384
1117S-hi55738.89663,KIC 3114811
1115S-hi55796.99129,KIC 3116412
401S-hi55798.80196,KIC 3217264
1108S-hi58293.08096,KIC 3218908
490S-hi55850.83946,KIC 3239945
377S-hi55351.00264,KIC 3323887
377Sc-hi56196.79739,KIC 3323887
377Sc-hi56473.00690,KIC 3323887
377Sc-hi56476.06826,KIC 3323887
377Sc-hi56476.83375,KIC 3323887
377Sc-hi56477.90828,KIC 3323887
377Sc-hi56478.90902,KIC 3323887
377Sc-hi56487.97167,KIC 3323887
377Sc-hi56497.97396,KIC 3323887
377Sc-hi56506.86322,KIC 3323887
377Sc-hi56865.85123,KIC 3323887
377Sc-hi56911.92549,KIC 3323887
377Sc-hi57242.95849,KIC 3323887
377ScH1-hi55342.93024,KIC 3323887
377ScH1-hi55342.94783,KIC 3323887
377ScH1-hi55344.06141,KIC 3323887
377ScH1-hi55351.00264,KIC 3323887
377ScH1-hi55351.03741,KIC 3323887
377ScH1-hi55352.01128,KIC 3323887
377ScH1-hi55367.08354,KIC 3323887
377ScH1-hi55373.07563,KIC 3323887
377ScH1-hi55373.97886,KIC 3323887
377ScH1-hi55376.93053,KIC 3323887
377ScH1-hi55378.02712,KIC 3323887
800S-hi57214.09058,KIC 3342970
384S-hi55673.09645,KIC 3353050
1218S-hi55763.07793,KIC 3442055
385S-hi55674.04000,KIC 3446746
118S-hi55672.07565,KIC 3531558
624S-hi55707.96387,KIC 3541946
69S-hi55079.76622,KIC 3544595
69Sc-hi56493.88628,KIC 3544595
69Sc-hi56498.04869,KIC 3544595
69Sc-hi56498.05587,KIC 3544595
69Sc-hi56498.06275,KIC 3544595
69Sc-hi56506.91695,KIC 3544595
69Sc-hi56506.92319,KIC 3544595
69Sc-hi56506.92986,KIC 3544595
69Sc-hi56507.85854,KIC 3544595
69Sc-hi56518.90746,KIC 3544595
69Sc-hi56518.91767,KIC 3544595
69Sc-hi56518.92882,KIC 3544595
69Sc-hi56519.81595,KIC 3544595
69Sc-hi56521.89397,KIC 3544595
69Sc-hi56521.90436,KIC 3544595
69Sc-hi56523.81582,KIC 3544595
69Sc-hi56523.82643,KIC 3544595
69Sc-hi56525.74422,KIC 3544595
69Sc-hi56525.75028,KIC 3544595
69Sc-hi56530.74938,KIC 3544595
69Sc-hi56530.75542,KIC 3544595
69Sc-hi56531.88264,KIC 3544595
69Sc-hi56531.88976,KIC 3544595
69Sc-hi56532.91753,KIC 3544595
69Sc-hi56532.92331,KIC 3544595
69Sc-hi56533.81244,KIC 3544595
69Sc-hi56533.82005,KIC 3544595
69Sc-hi56547.83940,KIC 3544595
69Sc-hi56828.86168,KIC 3544595
69Sc-hi56828.87068,KIC 3544595
69Sc-hi56828.87910,KIC 3544595
69Sc-hi56830.86441,KIC 3544595
69Sc-hi56830.87189,KIC 3544595
69Sc-hi56843.10687,KIC 3544595
69Sc-hi56845.12339,KIC 3544595
69Sc-hi56847.01975,KIC 3544595
69Sc-hi56848.04238,KIC 3544595
69Sc-hi56853.02562,KIC 3544595
69Sc-hi56861.98552,KIC 3544595
69Sc-hi56864.78052,KIC 3544595
69Sc-hi56864.78726,KIC 3544595
69Sc-hi56866.94537,KIC 3544595
69Sc-hi56866.95677,KIC 3544595
69Sc-hi56873.95394,KIC 3544595
69Sc-hi56873.96141,KIC 3544595
69Sc-hi56890.90323,KIC 3544595
69Sc-hi56913.72542,KIC 3544595
69Sc-hi56913.73164,KIC 3544595
69Sc-hi57001.70007,KIC 3544595
69Sc-hi57180.08873,KIC 3544595
69Sc-hi57326.69297,KIC 3544595
69Sc-hi57326.69855,KIC 3544595
69ScH1-gm55043.08681,KIC 3544595
69ScH1-gm55044.06724,KIC 3544595
69ScH1-gm55045.03951,KIC 3544595
69ScH1-gm55074.01014,KIC 3544595
69ScH1-gm55075.00829,KIC 3544595
69ScH1-gm55075.98575,KIC 3544595
69ScH1-gm55077.01749,KIC 3544595
69ScH1-gm55077.78225,KIC 3544595
69ScH1-gm55078.01629,KIC 3544595
69ScH1-gm55078.94356,KIC 3544595
69ScH1-gm55079.76028,KIC 3544595
69ScH1-gm55079.76622,KIC 3544595
69ScH1-gm55079.77213,KIC 3544595
69ScH1-gm55079.77823,KIC 3544595
69ScH1-gm55079.93570,KIC 3544595
69ScH1-gm55080.75359,KIC 3544595
69ScH1-gm55080.79201,KIC 3544595
69ScH1-gm55081.76931,KIC 3544595
69ScH1-gm55081.77601,KIC 3544595
69ScH1-gm55082.74107,KIC 3544595
69ScH1-gm55083.75382,KIC 3544595
69ScH1-gm55084.75176,KIC 3544595
69ScH1-hi55373.03311,KIC 3544595
69ScH1-hi55377.93864,KIC 3544595
69ScH1-hi55696.96364,KIC 3544595
69ScH1-hi55697.93882,KIC 3544595
69ScH1-hi55698.93716,KIC 3544595
69ScH1-hi55700.01723,KIC 3544595
69ScH1-hi55723.03949,KIC 3544595
69ScH1-hi55759.82087,KIC 3544595
69ScH1-hi55760.86354,KIC 3544595
69ScH1-hi55762.92683,KIC 3544595
69ScH1-hi55768.84245,KIC 3544595
69ScH1-hi55807.76716,KIC 3544595
69ScH1-hi56110.03365,KIC 3544595
69ScH1-hi56115.03341,KIC 3544595
69ScH1-hi56148.82050,KIC 3544595
69ScH1-hi56174.83727,KIC 3544595
975S-hi55440.76884,KIC 3632418
975Sc-hi56476.00100,KIC 3632418
975Sc-hi56487.05875,KIC 3632418
975Sc-hi56487.06012,KIC 3632418
975Sc-hi56487.06150,KIC 3632418
975Sc-hi57241.06588,KIC 3632418
975Sc-hi57294.90825,KIC 3632418
975Sc-hi57294.91046,KIC 3632418
975ScH1-hi55455.82560,KIC 3632418
975ScH1-hi55455.82800,KIC 3632418
975ScH1-hi55455.83019,KIC 3632418
975ScH1-hi55464.78814,KIC 3632418
975ScH1-hi55464.79032,KIC 3632418
975ScH1-hi55464.79261,KIC 3632418
975ScH1-hi55465.86601,KIC 3632418
975ScH1-hi55465.86879,KIC 3632418
975ScH1-hi55465.87171,KIC 3632418
975ScH1-hi55466.72525,KIC 3632418
975ScH1-hi55466.72739,KIC 3632418
975ScH1-hi55466.72933,KIC 3632418
975ScH1-hi55467.84943,KIC 3632418
975ScH1-hi55467.85149,KIC 3632418
975ScH1-hi55468.71394,KIC 3632418
975ScH1-hi55468.71580,KIC 3632418
975ScH1-hi55468.71766,KIC 3632418
975ScH1-hi55469.75289,KIC 3632418
975ScH1-hi55469.75522,KIC 3632418
975ScH1-hi55469.75760,KIC 3632418
975ScH1-hi55471.84693,KIC 3632418
975ScH1-hi55471.84942,KIC 3632418
975ScH1-hi55471.85200,KIC 3632418
975ScH1-hi55486.81943,KIC 3632418
975ScH1-hi55486.82190,KIC 3632418
975ScH1-hi55486.82448,KIC 3632418
975ScH1-hi55490.81866,KIC 3632418
975ScH1-hi55490.82114,KIC 3632418
975ScH1-hi55490.82349,KIC 3632418
975ScH1-hi55521.75895,KIC 3632418
1221S-hi56851.00034,KIC 3640905
301S-hi55701.03116,KIC 3642289
386S-hi55790.99847,KIC 3656121
443S-hi58632.90077,KIC 3833007
149S-hi55706.04271,KIC 3835670
1216S-hi55791.83258,KIC 3839488
444S-hi55851.87188,KIC 3847138
1199S-hi55763.91416,KIC 3859079
1215S-hi55738.94961,KIC 3939150
392S-hi55791.91363,KIC 3942670
1203S-hi57234.05882,KIC 3962243
393S-hi55674.07868,KIC 3964109
494S-hi58299.86211,KIC 3966801
1220S-hi55738.90935,KIC 4043190
1344S-hi55763.93397,KIC 4136466
812ScH1-hi56166.02679,KIC 4139816
280S-hi55664.10306,KIC 4141376
281S-hi55664.13625,KIC 4143755
281ScH1-hi55789.84067,KIC 4143755
281ScH1-hi55798.83215,KIC 4143755
281ScH1-hi55809.98595,KIC 4143755
1335S-hi55796.96796,KIC 4155328
550S-hi55850.88544,KIC 4165473
144S-hi55708.01015,KIC 4180280
222S-hi58264.00942,KIC 4249725
551S-hi57233.08912,KIC 4270253
244S-hi55634.11011,KIC 4349452
244Sc-hi56194.82230,KIC 4349452
244Sc-hi56475.85763,KIC 4349452
244Sc-hi56519.90785,KIC 4349452
244Sc-hi56846.04732,KIC 4349452
244Sc-hi56846.90037,KIC 4349452
244Sc-hi56866.90410,KIC 4349452
244Sc-hi56884.00157,KIC 4349452
244Sc-hi56910.87919,KIC 4349452
244Sc-hi57180.05516,KIC 4349452
244Sc-hi57201.95952,KIC 4349452
244Sc-hi57203.05030,KIC 4349452
244Sc-hi57208.08266,KIC 4349452
244Sc-hi57211.91702,KIC 4349452
244Sc-hi57218.05640,KIC 4349452
244Sc-hi57229.92271,KIC 4349452
244Sc-hi57232.88558,KIC 4349452
244Sc-hi57242.97069,KIC 4349452
244Sc-hi57245.85086,KIC 4349452
244ScH1-hi55367.10283,KIC 4349452
244ScH1-hi55376.96301,KIC 4349452
244ScH1-hi55377.95045,KIC 4349452
244ScH1-hi55433.94191,KIC 4349452
244ScH1-hi55634.11011,KIC 4349452
244ScH1-hi55696.94935,KIC 4349452
244ScH1-hi55697.95229,KIC 4349452
244ScH1-hi55698.94891,KIC 4349452
244ScH1-hi55700.02767,KIC 4349452
244ScH1-hi55734.05269,KIC 4349452
244ScH1-hi55734.94216,KIC 4349452
244ScH1-hi55735.98664,KIC 4349452
244ScH1-hi55739.04962,KIC 4349452
244ScH1-hi55751.93579,KIC 4349452
244ScH1-hi55752.79367,KIC 4349452
244ScH1-hi55759.96606,KIC 4349452
244ScH1-hi55760.80952,KIC 4349452
244ScH1-hi55761.10265,KIC 4349452
244ScH1-hi55761.77512,KIC 4349452
244ScH1-hi55761.78302,KIC 4349452
244ScH1-hi55761.85205,KIC 4349452
244ScH1-hi55761.86034,KIC 4349452
244ScH1-hi55761.92330,KIC 4349452
244ScH1-hi55761.93186,KIC 4349452
244ScH1-hi55761.94040,KIC 4349452
244ScH1-hi55761.94897,KIC 4349452
244ScH1-hi55761.95711,KIC 4349452
244ScH1-hi55761.96472,KIC 4349452
244ScH1-hi55761.97276,KIC 4349452
244ScH1-hi55761.98152,KIC 4349452
244ScH1-hi55761.99051,KIC 4349452
244ScH1-hi55761.99950,KIC 4349452
244ScH1-hi55762.00791,KIC 4349452
244ScH1-hi55762.01652,KIC 4349452
244ScH1-hi55762.02486,KIC 4349452
244ScH1-hi55762.03297,KIC 4349452
244ScH1-hi55762.04100,KIC 4349452
244ScH1-hi55762.04909,KIC 4349452
244ScH1-hi55762.05728,KIC 4349452
244ScH1-hi55762.06585,KIC 4349452
244ScH1-hi55762.07430,KIC 4349452
244ScH1-hi55762.08280,KIC 4349452
244ScH1-hi55762.09137,KIC 4349452
244ScH1-hi55762.10029,KIC 4349452
244ScH1-hi55762.11011,KIC 4349452
244ScH1-hi55762.11821,KIC 4349452
244ScH1-hi55762.89149,KIC 4349452
244ScH1-hi55763.84074,KIC 4349452
244ScH1-hi55768.85280,KIC 4349452
244ScH1-hi55769.94389,KIC 4349452
244ScH1-hi55782.06514,KIC 4349452
244ScH1-hi55787.76293,KIC 4349452
244ScH1-hi55788.93820,KIC 4349452
244ScH1-hi55789.79806,KIC 4349452
244ScH1-hi55789.80493,KIC 4349452
244ScH1-hi55790.75560,KIC 4349452
244ScH1-hi55791.93316,KIC 4349452
244ScH1-hi55792.76727,KIC 4349452
244ScH1-hi55794.92551,KIC 4349452
244ScH1-hi55796.89320,KIC 4349452
244ScH1-hi55798.75925,KIC 4349452
244ScH1-hi55806.78943,KIC 4349452
244ScH1-hi55808.79745,KIC 4349452
244ScH1-hi55810.73483,KIC 4349452
244ScH1-hi55814.92726,KIC 4349452
244ScH1-hi55902.71148,KIC 4349452
244ScH1-hi55903.69935,KIC 4349452
244ScH1-hi56114.85223,KIC 4349452
244ScH1-hi56134.92989,KIC 4349452
244ScH1-hi56139.02835,KIC 4349452
244ScH1-hi56145.94413,KIC 4349452
244ScH1-hi56147.80684,KIC 4349452
244ScH1-hi56148.83991,KIC 4349452
244ScH1-hi56152.96270,KIC 4349452
244ScH1-hi56163.79433,KIC 4349452
496S-hi58291.99186,KIC 4454752
1332S-hi57202.08618,KIC 4455231
627S-hi55673.10680,KIC 4563268
446S-hi56854.87372,KIC 4633570
628S-hi55789.02300,KIC 4644604
1805S-hi56133.80250,KIC 4644952
629S-hi55789.03938,KIC 4656049
1534S-hi55789.06206,KIC 4741126
367S-hi55728.91878,KIC 4815520
367ScH1-hi55634.10423,KIC 4815520
632S-hi55706.01424,KIC 4827723
232S-hi56113.82536,KIC 4833421
500S-hi55762.94276,KIC 4852528
818S-hi58364.90023,KIC 4913852
108S-hi55438.92972,KIC 4914423
108Sc-hi56910.93819,KIC 4914423
108Sc-hi57000.72860,KIC 4914423
108Sc-hi57151.01738,KIC 4914423
108Sc-hi57197.90842,KIC 4914423
108ScH1-gm55073.96856,KIC 4914423
108ScH1-gm55074.93887,KIC 4914423
108ScH1-gm55077.00564,KIC 4914423
108ScH1-gm55079.99158,KIC 4914423
108ScH1-gm55080.98290,KIC 4914423
108ScH1-gm55082.90208,KIC 4914423
108ScH1-gm55083.78040,KIC 4914423
108ScH1-gm55084.91361,KIC 4914423
108ScH1-gm55111.79546,KIC 4914423
108ScH1-gm55134.78713,KIC 4914423
108ScH1-gm55135.81584,KIC 4914423
108ScH1-hi55313.10461,KIC 4914423
108ScH1-hi55321.99772,KIC 4914423
108ScH1-hi55377.87511,KIC 4914423
108ScH1-hi55378.83831,KIC 4914423
108ScH1-hi55402.98798,KIC 4914423
108ScH1-hi55411.03464,KIC 4914423
108ScH1-hi55425.91661,KIC 4914423
108ScH1-hi55433.84431,KIC 4914423
108ScH1-hi55438.92972,KIC 4914423
108ScH1-hi55440.82221,KIC 4914423
108ScH1-hi55794.03037,KIC 4914423
108ScH1-hi55809.90077,KIC 4914423
108ScH1-hi56145.99789,KIC 4914423
1609S-hi55796.03207,KIC 5009743
161S-hi55701.01466,KIC 5084942
282S-hi55664.10886,KIC 5088536
282Sc-hi57241.07653,KIC 5088536
282Sc-hi57244.84688,KIC 5088536
282Sc-hi57290.85702,KIC 5088536
123S-hi55406.01738,KIC 5094751
123Sc-hi56844.91612,KIC 5094751
123Sc-hi56908.78730,KIC 5094751
123Sc-hi56909.93364,KIC 5094751
123Sc-hi56911.81632,KIC 5094751
123Sc-hi56912.81519,KIC 5094751
123Sc-hi57236.02534,KIC 5094751
123ScH1-gm55074.99246,KIC 5094751
123ScH1-gm55075.96920,KIC 5094751
123ScH1-gm55076.84939,KIC 5094751
123ScH1-gm55080.95636,KIC 5094751
123ScH1-gm55081.83808,KIC 5094751
123ScH1-gm55081.86007,KIC 5094751
123ScH1-gm55082.92091,KIC 5094751
123ScH1-gm55083.96408,KIC 5094751
123ScH1-gm55084.94936,KIC 5094751
123ScH1-gm55170.75581,KIC 5094751
123ScH1-hi55314.05961,KIC 5094751
123ScH1-hi55321.10430,KIC 5094751
123ScH1-hi55343.07386,KIC 5094751
123ScH1-hi55344.09819,KIC 5094751
123ScH1-hi55372.96316,KIC 5094751
123ScH1-hi55378.87052,KIC 5094751
123ScH1-hi55406.01738,KIC 5094751
123ScH1-hi56166.84494,KIC 5094751
638S-hi55674.09968,KIC 5113822
639S-hi55706.08296,KIC 5120087
640S-hi55673.12011,KIC 5121511
1669S-hi56168.02839,KIC 5183357
825S-hi56853.99946,KIC 5252423
248ScH1-hi55373.94137,KIC 5364071
1557S-hi56144.86853,KIC 5371776
1825S-hi56144.12100,KIC 5375194
261S-hi55413.98901,KIC 5383248
261Sc-hi56469.00476,KIC 5383248
261Sc-hi56474.04630,KIC 5383248
261Sc-hi56475.85079,KIC 5383248
261Sc-hi56477.83548,KIC 5383248
261Sc-hi56482.79540,KIC 5383248
261Sc-hi56485.95624,KIC 5383248
261Sc-hi56487.01066,KIC 5383248
261Sc-hi56490.04228,KIC 5383248
261Sc-hi56494.01084,KIC 5383248
261Sc-hi56519.04639,KIC 5383248
261Sc-hi56849.03948,KIC 5383248
261Sc-hi56852.05597,KIC 5383248
261Sc-hi56860.89590,KIC 5383248
261Sc-hi56862.05398,KIC 5383248
261Sc-hi56863.12006,KIC 5383248
261Sc-hi56866.10435,KIC 5383248
261Sc-hi56872.11353,KIC 5383248
261Sc-hi56910.86038,KIC 5383248
261Sc-hi57239.98128,KIC 5383248
261Sc-hi57241.09687,KIC 5383248
261ScH1-hi55405.03016,KIC 5383248
261ScH1-hi55405.88994,KIC 5383248
261ScH1-hi55413.97652,KIC 5383248
261ScH1-hi55413.98901,KIC 5383248
261ScH1-hi55431.79455,KIC 5383248
261ScH1-hi55436.98691,KIC 5383248
261ScH1-hi55437.96092,KIC 5383248
261ScH1-hi55437.97174,KIC 5383248
261ScH1-hi55438.82929,KIC 5383248
261ScH1-hi55439.85563,KIC 5383248
261ScH1-hi55455.81960,KIC 5383248
261ScH1-hi55486.83399,KIC 5383248
261ScH1-hi55542.71464,KIC 5383248
261ScH1-hi55544.70344,KIC 5383248
261ScH1-hi55723.09257,KIC 5383248
261ScH1-hi55787.90335,KIC 5383248
261ScH1-hi55795.03597,KIC 5383248
261ScH1-hi55795.83597,KIC 5383248
261ScH1-hi56099.03384,KIC 5383248
261ScH1-hi56111.92528,KIC 5383248
261ScH1-hi56145.90759,KIC 5383248
261ScH1-hi56148.98164,KIC 5383248
261ScH1-hi56152.06722,KIC 5383248
261ScH1-hi56163.80576,KIC 5383248
261ScH1-hi56164.84619,KIC 5383248
261ScH1-hi56175.87727,KIC 5383248
261ScH1-hi56176.89465,KIC 5383248
834S-hi56147.98490,KIC 5436502
1567S-hi56177.88373,KIC 5438099
1601S-hi57201.08612,KIC 5438757
409S-hi56116.12290,KIC 5444548
835S-hi56178.83058,KIC 5456651
835ScH1-hi56178.83058,KIC 5456651
1930S-hi55808.89372,KIC 5511081
1930Sc-hi56913.88076,KIC 5511081
257S-hi55664.09828,KIC 5514383
1838S-hi58294.01654,KIC 5526527
837S-hi57210.07849,KIC 5531576
1621S-hi55808.88263,KIC 5561278
1588S-hi58263.99502,KIC 5617854
448S-hi56163.95394,KIC 5640085
448ScH1-hi56163.95394,KIC 5640085
610S-hi58263.89268,KIC 5686174
505S-hi56111.82207,KIC 5689351
148S-hi55428.86559,KIC 5735762
148Sc-hi56208.75096,KIC 5735762
148Sc-hi56469.04866,KIC 5735762
148Sc-hi56474.90089,KIC 5735762
148Sc-hi56477.81913,KIC 5735762
148Sc-hi56484.82798,KIC 5735762
148Sc-hi56487.82076,KIC 5735762
148Sc-hi56489.94662,KIC 5735762
148Sc-hi56493.95323,KIC 5735762
148Sc-hi56506.97197,KIC 5735762
148Sc-hi56512.80967,KIC 5735762
148Sc-hi56522.78079,KIC 5735762
148Sc-hi56532.93562,KIC 5735762
148Sc-hi56826.91796,KIC 5735762
148Sc-hi56843.02217,KIC 5735762
148Sc-hi56845.97099,KIC 5735762
148Sc-hi56862.08224,KIC 5735762
148Sc-hi56863.88917,KIC 5735762
148Sc-hi56864.86213,KIC 5735762
148Sc-hi56894.00558,KIC 5735762
148Sc-hi56895.76613,KIC 5735762
148Sc-hi56906.95601,KIC 5735762
148Sc-hi56909.77629,KIC 5735762
148Sc-hi56912.91035,KIC 5735762
148Sc-hi57210.93723,KIC 5735762
148ScH1-gm55074.02650,KIC 5735762
148ScH1-gm55074.04693,KIC 5735762
148ScH1-gm55075.03209,KIC 5735762
148ScH1-gm55076.79985,KIC 5735762
148ScH1-gm55077.79761,KIC 5735762
148ScH1-gm55077.81170,KIC 5735762
148ScH1-gm55077.82656,KIC 5735762
148ScH1-gm55077.85220,KIC 5735762
148ScH1-gm55077.95516,KIC 5735762
148ScH1-gm55077.97513,KIC 5735762
148ScH1-gm55079.00851,KIC 5735762
148ScH1-hi55312.10688,KIC 5735762
148ScH1-hi55377.90809,KIC 5735762
148ScH1-hi55381.05456,KIC 5735762
148ScH1-hi55400.88595,KIC 5735762
148ScH1-hi55407.07828,KIC 5735762
148ScH1-hi55414.94152,KIC 5735762
148ScH1-hi55428.86559,KIC 5735762
148ScH1-hi55434.89714,KIC 5735762
148ScH1-hi55438.78384,KIC 5735762
148ScH1-hi55438.81177,KIC 5735762
148ScH1-hi55787.84365,KIC 5735762
148ScH1-hi55793.77512,KIC 5735762
148ScH1-hi55796.82115,KIC 5735762
148ScH1-hi55797.94700,KIC 5735762
148ScH1-hi55799.02861,KIC 5735762
148ScH1-hi55807.82907,KIC 5735762
148ScH1-hi55810.97777,KIC 5735762
148ScH1-hi55811.95378,KIC 5735762
148ScH1-hi55814.86558,KIC 5735762
148ScH1-hi56115.91207,KIC 5735762
148ScH1-hi56141.02544,KIC 5735762
148ScH1-hi56145.89059,KIC 5735762
148ScH1-hi56164.82937,KIC 5735762
148ScH1-hi56173.84856,KIC 5735762
97S-hi55133.85564,KIC 5780885
97ScH1-gm55133.85564,KIC 5780885
97ScH1-gm55134.72490,KIC 5780885
842S-hi58330.06646,KIC 5794379
842S-hi58331.02667,KIC 5794379
842S-hi58331.94196,KIC 5794379
1050S-hi55791.07690,KIC 5809890
85S-hi55733.99068,KIC 5866724
85Sc-hi56850.06547,KIC 5866724
85Sc-hi56862.06549,KIC 5866724
85Sc-hi56865.07875,KIC 5866724
85Sc-hi56865.76234,KIC 5866724
85Sc-hi56866.96729,KIC 5866724
85Sc-hi56872.95213,KIC 5866724
85Sc-hi56874.09249,KIC 5866724
85Sc-hi56880.93104,KIC 5866724
85Sc-hi56891.82518,KIC 5866724
85Sc-hi56893.02136,KIC 5866724
85Sc-hi56894.97919,KIC 5866724
85Sc-hi56906.94046,KIC 5866724
85Sc-hi56908.95947,KIC 5866724
85Sc-hi56910.86774,KIC 5866724
85Sc-hi56912.94138,KIC 5866724
85Sc-hi57001.71149,KIC 5866724
85Sc-hi57151.03314,KIC 5866724
85Sc-hi57179.96148,KIC 5866724
85Sc-hi57198.01958,KIC 5866724
85Sc-hi57203.01045,KIC 5866724
85Sc-hi57211.07922,KIC 5866724
85Sc-hi57216.03495,KIC 5866724
85Sc-hi57222.09929,KIC 5866724
85Sc-hi57223.11726,KIC 5866724
85Sc-hi57229.01746,KIC 5866724
85Sc-hi57229.91479,KIC 5866724
85Sc-hi57230.79275,KIC 5866724
85Sc-hi57232.08141,KIC 5866724
85Sc-hi57232.89166,KIC 5866724
85Sc-hi57234.10234,KIC 5866724
85Sc-hi57235.95369,KIC 5866724
85Sc-hi57236.83897,KIC 5866724
85Sc-hi57240.02312,KIC 5866724
85Sc-hi57244.81617,KIC 5866724
85Sc-hi57245.91870,KIC 5866724
85Sc-hi57247.06045,KIC 5866724
85Sc-hi57253.98861,KIC 5866724
85Sc-hi57254.91374,KIC 5866724
85Sc-hi57256.01861,KIC 5866724
85Sc-hi57262.86017,KIC 5866724
85Sc-hi57264.98077,KIC 5866724
85Sc-hi57285.75997,KIC 5866724
85Sc-hi57285.76847,KIC 5866724
85Sc-hi57290.83313,KIC 5866724
85Sc-hi57290.94022,KIC 5866724
85Sc-hi57294.81822,KIC 5866724
85Sc-hi57296.91315,KIC 5866724
85Sc-hi57298.78015,KIC 5866724
85Sc-hi57326.70465,KIC 5866724
85Sc-hi57326.83967,KIC 5866724
85Sc-hi57339.78392,KIC 5866724
85Sc-hi57353.68003,KIC 5866724
85Sc-hi57353.76634,KIC 5866724
85Sc-hi57354.69230,KIC 5866724
85Sc-hi57354.76505,KIC 5866724
85Sc-hi57355.68479,KIC 5866724
85Sc-hi57355.75848,KIC 5866724
85Sc-hi57378.69667,KIC 5866724
85ScH1-hi55696.99047,KIC 5866724
85ScH1-hi55697.97857,KIC 5866724
85ScH1-hi55698.97804,KIC 5866724
85ScH1-hi55700.04280,KIC 5866724
85ScH1-hi55733.99068,KIC 5866724
85ScH1-hi55735.96201,KIC 5866724
85ScH1-hi55739.01581,KIC 5866724
654S-hi55792.90703,KIC 5941160
1052S-hi56208.90665,KIC 5956342
655S-hi55704.06208,KIC 5966154
303S-hi55672.07250,KIC 5966322
657S-hi55788.82039,KIC 6020753
658S-hi55793.06855,KIC 6062088
305S-hi55432.85461,KIC 6063220
305Sc-hi56192.86845,KIC 6063220
305Sc-hi56195.85435,KIC 6063220
305Sc-hi56449.99864,KIC 6063220
305Sc-hi56474.84888,KIC 6063220
305Sc-hi56476.96238,KIC 6063220
305Sc-hi56479.05037,KIC 6063220
305Sc-hi56484.03602,KIC 6063220
305Sc-hi56486.00100,KIC 6063220
305Sc-hi56487.99681,KIC 6063220
305Sc-hi56489.97170,KIC 6063220
305Sc-hi56493.06214,KIC 6063220
305Sc-hi56506.99731,KIC 6063220
305Sc-hi56514.05942,KIC 6063220
305Sc-hi56522.99010,KIC 6063220
305Sc-hi56524.78536,KIC 6063220
305Sc-hi56531.83976,KIC 6063220
305Sc-hi56831.02439,KIC 6063220
305Sc-hi56844.96105,KIC 6063220
305Sc-hi56849.88560,KIC 6063220
305Sc-hi56851.85437,KIC 6063220
305Sc-hi56888.78371,KIC 6063220
305Sc-hi56896.02588,KIC 6063220
305Sc-hi56906.98201,KIC 6063220
305Sc-hi57222.03052,KIC 6063220
305ScH1-hi55404.04345,KIC 6063220
305ScH1-hi55405.84013,KIC 6063220
305ScH1-hi55406.91087,KIC 6063220
305ScH1-hi55410.92307,KIC 6063220
305ScH1-hi55432.85461,KIC 6063220
305ScH1-hi55736.06989,KIC 6063220
305ScH1-hi55751.90737,KIC 6063220
305ScH1-hi55760.98098,KIC 6063220
305ScH1-hi55790.87828,KIC 6063220
305ScH1-hi55792.96821,KIC 6063220
305ScH1-hi55795.05686,KIC 6063220
305ScH1-hi55797.87614,KIC 6063220
305ScH1-hi56102.02739,KIC 6063220
305ScH1-hi56112.94351,KIC 6063220
305ScH1-hi56116.07183,KIC 6063220
305ScH1-hi56140.89073,KIC 6063220
305ScH1-hi56145.02974,KIC 6063220
305ScH1-hi56147.89271,KIC 6063220
305ScH1-hi56163.88472,KIC 6063220
305ScH1-hi56172.82972,KIC 6063220
305ScH1-hi56174.79327,KIC 6063220
306S-hi55763.92731,KIC 6071903
306ScH1-hi55433.00453,KIC 6071903
306ScH1-hi55439.90635,KIC 6071903
285S-hi55664.11035,KIC 6196457
285Sc-hi56911.83012,KIC 6196457
285ScH1-hi55790.79386,KIC 6196457
285ScH1-hi55798.87393,KIC 6196457
508S-hi56856.11566,KIC 6266741
660S-hi55706.10512,KIC 6267535
3158S-hi56451.86552,KIC 6278762
1688S-hi56875.00145,KIC 6310636
661S-hi55790.81308,KIC 6347299
1128S-hi55791.95741,KIC 6362874
662S-hi55705.99920,KIC 6365156
509S-hi56522.76944,KIC 6381846
509Sc-hi56522.76944,KIC 6381846
510S-hi56208.89828,KIC 6422155
853S-hi56872.01828,KIC 6428700
664S-hi55706.06730,KIC 6442340
176S-hi55706.05742,KIC 6442377
1241S-hi56116.03386,KIC 6448890
511S-hi57255.97179,KIC 6451936
94S-hi56895.94237,KIC 6462863
1826S-hi56099.85592,KIC 6468138
372S-hi55809.85759,KIC 6471021
372ScH1-hi55761.03290,KIC 6471021
41S-hi55752.02366,KIC 6521045
41Sc-hi56209.72567,KIC 6521045
41Sc-hi56469.02125,KIC 6521045
41Sc-hi56476.86543,KIC 6521045
41Sc-hi56478.93039,KIC 6521045
41Sc-hi56482.81693,KIC 6521045
41Sc-hi56485.83181,KIC 6521045
41Sc-hi56489.81227,KIC 6521045
41Sc-hi56492.97115,KIC 6521045
41Sc-hi56506.83645,KIC 6521045
41Sc-hi56514.01253,KIC 6521045
41Sc-hi56523.85659,KIC 6521045
41Sc-hi56530.84943,KIC 6521045
41Sc-hi56533.85880,KIC 6521045
41Sc-hi56827.04820,KIC 6521045
41Sc-hi56831.04870,KIC 6521045
41Sc-hi56843.93317,KIC 6521045
41Sc-hi56844.88391,KIC 6521045
41Sc-hi56848.02134,KIC 6521045
41Sc-hi56851.03259,KIC 6521045
41Sc-hi56854.94086,KIC 6521045
41Sc-hi56862.00490,KIC 6521045
41Sc-hi56864.88257,KIC 6521045
41Sc-hi56866.79953,KIC 6521045
41Sc-hi56872.04338,KIC 6521045
41Sc-hi57207.90928,KIC 6521045
41Sc-hi57215.98015,KIC 6521045
41ScH1-gm54989.01095,KIC 6521045
41ScH1-gm55042.01530,KIC 6521045
41ScH1-gm55042.02282,KIC 6521045
41ScH1-gm55042.03006,KIC 6521045
41ScH1-gm55042.84245,KIC 6521045
41ScH1-gm55042.84977,KIC 6521045
41ScH1-gm55043.95687,KIC 6521045
41ScH1-gm55043.97111,KIC 6521045
41ScH1-gm55043.98557,KIC 6521045
41ScH1-gm55044.04445,KIC 6521045
41ScH1-gm55044.05187,KIC 6521045
41ScH1-gm55044.05930,KIC 6521045
41ScH1-gm55048.89475,KIC 6521045
41ScH1-gm55048.90301,KIC 6521045
41ScH1-gm55048.90997,KIC 6521045
41ScH1-gm55073.84686,KIC 6521045
41ScH1-gm55074.84406,KIC 6521045
41ScH1-gm55075.86885,KIC 6521045
41ScH1-gm55076.75680,KIC 6521045
41ScH1-gm55077.89467,KIC 6521045
41ScH1-gm55078.93477,KIC 6521045
41ScH1-gm55079.96297,KIC 6521045
41ScH1-gm55081.00250,KIC 6521045
41ScH1-gm55082.98266,KIC 6521045
41ScH1-hi55312.06075,KIC 6521045
41ScH1-hi55400.91608,KIC 6521045
41ScH1-hi55752.02366,KIC 6521045
41ScH1-hi55760.06452,KIC 6521045
41ScH1-hi55760.95864,KIC 6521045
41ScH1-hi55761.87611,KIC 6521045
41ScH1-hi55762.91224,KIC 6521045
41ScH1-hi55763.87018,KIC 6521045
41ScH1-hi55791.87164,KIC 6521045
41ScH1-hi55793.99656,KIC 6521045
41ScH1-hi55795.01274,KIC 6521045
41ScH1-hi55796.79306,KIC 6521045
41ScH1-hi55797.85351,KIC 6521045
41ScH1-hi55798.77319,KIC 6521045
41ScH1-hi55806.82355,KIC 6521045
41ScH1-hi55807.74176,KIC 6521045
41ScH1-hi55808.84021,KIC 6521045
41ScH1-hi55809.74992,KIC 6521045
41ScH1-hi55810.74921,KIC 6521045
41ScH1-hi55811.86531,KIC 6521045
41ScH1-hi55814.75720,KIC 6521045
41ScH1-hi56109.97998,KIC 6521045
41ScH1-hi56110.85616,KIC 6521045
41ScH1-hi56111.86731,KIC 6521045
41ScH1-hi56112.88829,KIC 6521045
41ScH1-hi56113.85119,KIC 6521045
41ScH1-hi56114.90010,KIC 6521045
41ScH1-hi56115.89710,KIC 6521045
41ScH1-hi56173.88987,KIC 6521045
41ScH1-hi56177.92935,KIC 6521045
41ScH1-hi56178.80584,KIC 6521045
157S-hi56850.91100,KIC 6541920
157Sc-hi56196.78272,KIC 6541920
157Sc-hi56533.93355,KIC 6541920
157Sc-hi56841.97635,KIC 6541920
157Sc-hi56842.98395,KIC 6541920
157Sc-hi56843.97810,KIC 6541920
157Sc-hi56849.00679,KIC 6541920
157Sc-hi56849.82873,KIC 6541920
157Sc-hi56850.02552,KIC 6541920
157Sc-hi56850.86881,KIC 6541920
157Sc-hi56850.91100,KIC 6541920
157Sc-hi56862.02891,KIC 6541920
157Sc-hi56862.84249,KIC 6541920
157Sc-hi56863.98497,KIC 6541920
157Sc-hi56888.83420,KIC 6541920
157Sc-hi56890.01730,KIC 6541920
157Sc-hi56906.79093,KIC 6541920
157Sc-hi56907.79405,KIC 6541920
157Sc-hi56911.99569,KIC 6541920
157Sc-hi56912.84855,KIC 6541920
157Sc-hi56913.85432,KIC 6541920
157Sc-hi57222.00564,KIC 6541920
157Sc-hi57222.98434,KIC 6541920
157Sc-hi57229.83216,KIC 6541920
157ScH1-hi55441.00094,KIC 6541920
157ScH1-hi55455.80279,KIC 6541920
157ScH1-hi55500.84306,KIC 6541920
157ScH1-hi55521.76657,KIC 6541920
157ScH1-hi55542.72797,KIC 6541920
157ScH1-hi55790.96558,KIC 6541920
157ScH1-hi56100.03444,KIC 6541920
857S-hi56863.07794,KIC 6587280
1692S-hi55808.96684,KIC 6616218
561S-hi55798.78670,KIC 6665695
665S-hi55705.98151,KIC 6685609
1240S-hi57222.11831,KIC 6690082
1245S-hi58644.96111,KIC 6693640
666S-hi55708.05647,KIC 6707835
564S-hi56522.90948,KIC 6786037
564Sc-hi56522.90948,KIC 6786037
1695S-hi56585.87546,KIC 6803855
864S-hi56882.96298,KIC 6849310
70S-hi55432.80696,KIC 6850504
70Sc-hi56533.98364,KIC 6850504
70Sc-hi57197.88174,KIC 6850504
70ScH1-gm55073.88571,KIC 6850504
70ScH1-gm55074.86113,KIC 6850504
70ScH1-gm55075.90667,KIC 6850504
70ScH1-gm55076.88379,KIC 6850504
70ScH1-gm55077.90788,KIC 6850504
70ScH1-gm55078.96128,KIC 6850504
70ScH1-gm55081.95263,KIC 6850504
70ScH1-gm55082.76304,KIC 6850504
70ScH1-gm55082.78206,KIC 6850504
70ScH1-gm55082.83258,KIC 6850504
70ScH1-gm55083.88814,KIC 6850504
70ScH1-gm55084.89363,KIC 6850504
70ScH1-gm55106.82843,KIC 6850504
70ScH1-gm55110.83075,KIC 6850504
70ScH1-gm55111.77379,KIC 6850504
70ScH1-gm55134.76613,KIC 6850504
70ScH1-hi55314.02787,KIC 6850504
70ScH1-hi55320.08539,KIC 6850504
70ScH1-hi55321.07231,KIC 6850504
70ScH1-hi55345.01120,KIC 6850504
70ScH1-hi55351.07321,KIC 6850504
70ScH1-hi55352.04311,KIC 6850504
70ScH1-hi55372.89843,KIC 6850504
70ScH1-hi55374.96714,KIC 6850504
70ScH1-hi55378.00740,KIC 6850504
70ScH1-hi55380.94079,KIC 6850504
70ScH1-hi55380.95522,KIC 6850504
70ScH1-hi55403.04642,KIC 6850504
70ScH1-hi55403.06668,KIC 6850504
70ScH1-hi55407.90313,KIC 6850504
70ScH1-hi55411.95942,KIC 6850504
70ScH1-hi55413.87753,KIC 6850504
70ScH1-hi55413.90994,KIC 6850504
70ScH1-hi55432.80696,KIC 6850504
70ScH1-hi55433.81879,KIC 6850504
70ScH1-hi55435.84106,KIC 6850504
70ScH1-hi55440.79211,KIC 6850504
70ScH1-hi55500.81744,KIC 6850504
70ScH1-hi55522.72584,KIC 6850504
70ScH1-hi55724.05572,KIC 6850504
10S-hi55109.82536,KIC 6922244
10Sc-hi56847.05595,KIC 6922244
10Sc-hi56855.95894,KIC 6922244
10Sc-hi57201.01175,KIC 6922244
10ScH1-gm54984.04002,KIC 6922244
10ScH1-gm54985.04285,KIC 6922244
10ScH1-gm54986.06542,KIC 6922244
10ScH1-gm54987.04907,KIC 6922244
10ScH1-gm54987.06024,KIC 6922244
10ScH1-gm54988.02656,KIC 6922244
10ScH1-gm54988.97274,KIC 6922244
10ScH1-gm54995.09386,KIC 6922244
10ScH1-gm54995.10309,KIC 6922244
10ScH1-gm54996.07767,KIC 6922244
10ScH1-gm54996.08437,KIC 6922244
10ScH1-gm54996.09272,KIC 6922244
10ScH1-gm54996.10090,KIC 6922244
10ScH1-gm54996.10962,KIC 6922244
10ScH1-gm54996.11634,KIC 6922244
10ScH1-gm54996.12398,KIC 6922244
10ScH1-gm55014.89132,KIC 6922244
10ScH1-gm55015.97532,KIC 6922244
10ScH1-gm55017.01985,KIC 6922244
10ScH1-gm55042.80277,KIC 6922244
10ScH1-gm55043.91439,KIC 6922244
10ScH1-gm55045.00351,KIC 6922244
10ScH1-gm55075.78833,KIC 6922244
10ScH1-gm55109.84978,KIC 6922244
10ScH1-gm55110.79030,KIC 6922244
10ScH1-gm55133.70361,KIC 6922244
10ScH1-gm55133.71788,KIC 6922244
10ScH1-gm55133.73234,KIC 6922244
10ScH1-gm55133.74705,KIC 6922244
10ScH1-gm55133.76116,KIC 6922244
10ScH1-gm55133.77564,KIC 6922244
10ScH1-gm55133.79002,KIC 6922244
10ScH1-gm55133.80452,KIC 6922244
10ScH1-gm55133.82120,KIC 6922244
10ScH1-gm55133.83875,KIC 6922244
10ScH1-gm55134.73990,KIC 6922244
10ScH1-gm55135.78967,KIC 6922244
10ScH1-hi55781.80019,KIC 6922244
10ScH1-hi55781.81828,KIC 6922244
10ScH1-hi55781.83492,KIC 6922244
10ScH1-hi55781.85456,KIC 6922244
10ScH1-hi55781.87188,KIC 6922244
10ScH1-hi55781.88963,KIC 6922244
10ScH1-hi55781.90894,KIC 6922244
10ScH1-hi55781.92695,KIC 6922244
10ScH1-hi55781.94498,KIC 6922244
10ScH1-hi55781.96226,KIC 6922244
10ScH1-hi55781.98072,KIC 6922244
10ScH1-hi55781.99877,KIC 6922244
10ScH1-hi55782.01648,KIC 6922244
10ScH1-hi55782.03424,KIC 6922244
1366S-hi56865.79408,KIC 6932987
1367S-hi56888.80232,KIC 6934291
1363S-hi56889.83816,KIC 6936909
869S-hi56172.88111,KIC 6948054
870S-hi56112.05161,KIC 6949607
1364S-hi56177.89559,KIC 6962977
670S-hi55735.91726,KIC 7033671
671S-hi55733.94215,KIC 7040629
312S-hi55672.07711,KIC 7050989
872S-hi57203.90324,KIC 7109675
673S-hi55706.00899,KIC 7124613
874S-hi56882.03989,KIC 7134976
369S-hi55664.13851,KIC 7175184
1379S-hi55789.06905,KIC 7211221
1618S-hi55808.87112,KIC 7215603
456S-hi56888.85571,KIC 7269974
674S-hi55735.92584,KIC 7277317
1862S-hi56102.94072,KIC 7286173
877ScH1-hi55351.05706,KIC 7287995
987S-hi55669.13453,KIC 7295235
880S-hi56164.93303,KIC 7366258
881S-hi56178.83880,KIC 7373451
881ScH1-hi56178.83880,KIC 7373451
313S-hi55701.01013,KIC 7419318
1848S-hi56523.92064,KIC 7430034
884S-hi57201.07508,KIC 7434875
457S-hi56134.86589,KIC 7440748
567S-hi57229.79547,KIC 7445445
1890S-hi55808.87464,KIC 7449136
886Sc-hi56196.81174,KIC 7455287
678S-hi55705.98601,KIC 7509886
679S-hi55673.07090,KIC 7515212
680S-hi55707.97550,KIC 7529266
889S-hi56146.07374,KIC 757450
568S-hi55878.80795,KIC 7595157
314ScH1-hi55751.95948,KIC 7603200
314ScH1-hi55793.00021,KIC 7603200
314ScH1-hi55798.90448,KIC 7603200
1706S-hi56147.08699,KIC 7626370
150S-hi55735.90876,KIC 7626506
1898S-hi56112.06724,KIC 7668663
1528S-hi55850.89784,KIC 7691260
1707S-hi56195.89748,KIC 7703955
1707Sc-hi56195.89748,KIC 7703955
685S-hi55789.03116,KIC 7764367
171S-hi55708.03770,KIC 7831264
1818S-hi56115.81029,KIC 7870032
898ScH1-hi55731.00578,KIC 7870390
1486S-hi56195.88691,KIC 7898352
1486Sc-hi56195.88691,KIC 7898352
1711S-hi58303.90077,KIC 7955580
459S-hi56864.12711,KIC 7977197
569S-hi56849.97755,KIC 8008206
517S-hi55843.89860,KIC 8015907
518S-hi56172.90083,KIC 8017703
518ScH1-hi56172.90083,KIC 8017703
519S-hi57207.01351,KIC 8022244
155S-hi55674.06542,KIC 8030148
520S-hi57265.90516,KIC 8037145
237S-hi55877.82034,KIC 8041216
274S-hi55426.83766,KIC 8077137
274Sc-hi56475.02188,KIC 8077137
274Sc-hi56856.05396,KIC 8077137
274Sc-hi56862.85902,KIC 8077137
274Sc-hi56893.94173,KIC 8077137
274Sc-hi56909.97250,KIC 8077137
274Sc-hi57151.10474,KIC 8077137
274Sc-hi57209.98154,KIC 8077137
274Sc-hi57233.00583,KIC 8077137
274ScH1-hi55403.94688,KIC 8077137
274ScH1-hi55404.88320,KIC 8077137
274ScH1-hi55405.01169,KIC 8077137
274ScH1-hi55411.86572,KIC 8077137
274ScH1-hi55412.83400,KIC 8077137
274ScH1-hi55413.84408,KIC 8077137
274ScH1-hi55426.83766,KIC 8077137
274ScH1-hi56103.01850,KIC 8077137
162S-hi55770.82303,KIC 8107380
904Sc-hi56521.74598,KIC 8150320
318S-hi55669.11716,KIC 8156120
688S-hi56164.96749,KIC 8161561
572S-hi55851.90819,KIC 8193178
906S-hi57207.06535,KIC 8226994
1809S-hi55808.98110,KIC 8240797
1726S-hi56111.08573,KIC 8242434
907S-hi56166.94592,KIC 8247638
1820S-hi56100.81035,KIC 8277797
260S-hi56865.82244,KIC 8292840
260Sc-hi56862.05979,KIC 8292840
260Sc-hi56865.07340,KIC 8292840
260Sc-hi56865.75728,KIC 8292840
260Sc-hi56865.82244,KIC 8292840
260Sc-hi56866.87442,KIC 8292840
260Sc-hi56873.08682,KIC 8292840
260Sc-hi56880.92496,KIC 8292840
260Sc-hi56882.89749,KIC 8292840
260Sc-hi56883.98713,KIC 8292840
260Sc-hi56889.03554,KIC 8292840
260Sc-hi56890.04025,KIC 8292840
260Sc-hi56891.75254,KIC 8292840
260Sc-hi56893.75702,KIC 8292840
260Sc-hi56894.74535,KIC 8292840
260Sc-hi56895.74887,KIC 8292840
260Sc-hi56906.73021,KIC 8292840
260Sc-hi56907.73753,KIC 8292840
260Sc-hi56908.76430,KIC 8292840
260Sc-hi56909.94646,KIC 8292840
260Sc-hi56910.84440,KIC 8292840
260Sc-hi56911.96178,KIC 8292840
260Sc-hi56912.72986,KIC 8292840
260Sc-hi57000.68478,KIC 8292840
260Sc-hi57151.07059,KIC 8292840
260Sc-hi57179.96856,KIC 8292840
260Sc-hi57201.92075,KIC 8292840
260Sc-hi57203.00550,KIC 8292840
260Sc-hi57210.10318,KIC 8292840
260Sc-hi57216.03998,KIC 8292840
260Sc-hi57218.08774,KIC 8292840
260Sc-hi57232.97670,KIC 8292840
573S-hi56847.03941,KIC 8344004
122S-hi55734.02341,KIC 8349582
122Sc-hi56862.92212,KIC 8349582
122Sc-hi57230.82978,KIC 8349582
122ScH1-gm55073.99453,KIC 8349582
122ScH1-gm55075.94662,KIC 8349582
122ScH1-gm55076.76970,KIC 8349582
122ScH1-gm55078.98438,KIC 8349582
122ScH1-gm55079.91977,KIC 8349582
122ScH1-gm55080.93063,KIC 8349582
122ScH1-gm55081.92990,KIC 8349582
122ScH1-gm55082.80567,KIC 8349582
122ScH1-gm55082.94253,KIC 8349582
122ScH1-gm55083.86517,KIC 8349582
122ScH1-gm55084.84217,KIC 8349582
122ScH1-gm55134.84896,KIC 8349582
122ScH1-hi55313.06424,KIC 8349582
122ScH1-hi55318.09891,KIC 8349582
122ScH1-hi55377.02031,KIC 8349582
122ScH1-hi55400.94404,KIC 8349582
122ScH1-hi55405.93901,KIC 8349582
122ScH1-hi55411.00255,KIC 8349582
122ScH1-hi55411.89664,KIC 8349582
122ScH1-hi55427.83915,KIC 8349582
122ScH1-hi55428.80066,KIC 8349582
122ScH1-hi55434.79811,KIC 8349582
122ScH1-hi55439.83467,KIC 8349582
122ScH1-hi55486.80623,KIC 8349582
122ScH1-hi55697.08151,KIC 8349582
122ScH1-hi55698.06933,KIC 8349582
122ScH1-hi55699.06615,KIC 8349582
122ScH1-hi55700.09638,KIC 8349582
122ScH1-hi55734.02341,KIC 8349582
122ScH1-hi55738.81745,KIC 8349582
122ScH1-hi55791.76349,KIC 8349582
122ScH1-hi55797.01325,KIC 8349582
122ScH1-hi55809.92735,KIC 8349582
122ScH1-hi55814.89855,KIC 8349582
122ScH1-hi56152.01100,KIC 8349582
574S-hi56883.78985,KIC 8355239
127S-hi55791.05493,KIC 8359498
689S-hi55735.88433,KIC 8361905
152S-hi55811.02978,KIC 8394721
152ScH1-hi55351.08714,KIC 8394721
116S-hi55436.90168,KIC 8395660
116Sc-hi56207.80555,KIC 8395660
116Sc-hi56477.85318,KIC 8395660
116Sc-hi56485.93952,KIC 8395660
116Sc-hi56492.99211,KIC 8395660
116Sc-hi56506.94785,KIC 8395660
116Sc-hi56512.95248,KIC 8395660
116Sc-hi56519.99534,KIC 8395660
116Sc-hi56525.79283,KIC 8395660
116Sc-hi56532.83213,KIC 8395660
116Sc-hi56830.99741,KIC 8395660
116Sc-hi56842.02646,KIC 8395660
116Sc-hi56844.03952,KIC 8395660
116Sc-hi56864.10127,KIC 8395660
116Sc-hi56864.80478,KIC 8395660
116Sc-hi56865.88292,KIC 8395660
116Sc-hi56873.03526,KIC 8395660
116Sc-hi56894.05376,KIC 8395660
116Sc-hi56907.99621,KIC 8395660
116Sc-hi56912.88104,KIC 8395660
116Sc-hi56913.81914,KIC 8395660
116Sc-hi57232.91815,KIC 8395660
116ScH1-gm55133.89735,KIC 8395660
116ScH1-hi55373.95841,KIC 8395660
116ScH1-hi55379.00144,KIC 8395660
116ScH1-hi55380.02560,KIC 8395660
116ScH1-hi55433.91856,KIC 8395660
116ScH1-hi55436.90168,KIC 8395660
116ScH1-hi55439.87643,KIC 8395660
116ScH1-hi55441.02352,KIC 8395660
116ScH1-hi55734.08537,KIC 8395660
116ScH1-hi55752.89472,KIC 8395660
116ScH1-hi55759.99248,KIC 8395660
116ScH1-hi56111.91009,KIC 8395660
116ScH1-hi56113.98714,KIC 8395660
116ScH1-hi56115.94911,KIC 8395660
116ScH1-hi56133.94450,KIC 8395660
116ScH1-hi56138.98189,KIC 8395660
116ScH1-hi56144.97531,KIC 8395660
116ScH1-hi56145.85892,KIC 8395660
116ScH1-hi56147.83446,KIC 8395660
116ScH1-hi56151.04348,KIC 8395660
116ScH1-hi56152.04141,KIC 8395660
116ScH1-hi56153.04957,KIC 8395660
116ScH1-hi56166.79053,KIC 8395660
116ScH1-hi56173.82537,KIC 8395660
116ScH1-hi56178.78452,KIC 8395660
1148S-hi55796.85488,KIC 8410727
245S-hi55410.85549,KIC 8478994
245Sc-hi56494.96131,KIC 8478994
245Sc-hi56494.96766,KIC 8478994
245Sc-hi56494.97348,KIC 8478994
245Sc-hi56498.00955,KIC 8478994
245Sc-hi56498.01537,KIC 8478994
245Sc-hi56498.02079,KIC 8478994
245Sc-hi56506.81443,KIC 8478994
245Sc-hi56506.81970,KIC 8478994
245Sc-hi56506.82496,KIC 8478994
245Sc-hi56507.83239,KIC 8478994
245Sc-hi56512.82499,KIC 8478994
245Sc-hi56512.83234,KIC 8478994
245Sc-hi56512.83800,KIC 8478994
245Sc-hi56513.86010,KIC 8478994
245Sc-hi56513.86522,KIC 8478994
245Sc-hi56513.87040,KIC 8478994
245Sc-hi56518.85764,KIC 8478994
245Sc-hi56518.86479,KIC 8478994
245Sc-hi56518.87245,KIC 8478994
245Sc-hi56519.76107,KIC 8478994
245Sc-hi56519.77175,KIC 8478994
245Sc-hi56521.76565,KIC 8478994
245Sc-hi56521.77157,KIC 8478994
245Sc-hi56521.77731,KIC 8478994
245Sc-hi56522.80291,KIC 8478994
245Sc-hi56522.80809,KIC 8478994
245Sc-hi56522.81327,KIC 8478994
245Sc-hi56523.73705,KIC 8478994
245Sc-hi56827.06059,KIC 8478994
245Sc-hi56827.91722,KIC 8478994
245Sc-hi56828.83660,KIC 8478994
245Sc-hi56828.84441,KIC 8478994
245Sc-hi56828.85212,KIC 8478994
245Sc-hi56829.85859,KIC 8478994
245Sc-hi56845.86110,KIC 8478994
245Sc-hi56846.86659,KIC 8478994
245Sc-hi56847.99429,KIC 8478994
245Sc-hi56848.90528,KIC 8478994
245Sc-hi56853.01047,KIC 8478994
245Sc-hi56853.92340,KIC 8478994
245Sc-hi56853.92834,KIC 8478994
245Sc-hi56855.99475,KIC 8478994
245Sc-hi56860.88341,KIC 8478994
245Sc-hi56861.99375,KIC 8478994
245Sc-hi56863.78314,KIC 8478994
245Sc-hi56863.78838,KIC 8478994
245Sc-hi56866.04958,KIC 8478994
245Sc-hi56866.92202,KIC 8478994
245Sc-hi56866.93230,KIC 8478994
245Sc-hi57203.06010,KIC 8478994
245Sc-hi57203.06769,KIC 8478994
245Sc-hi57210.11020,KIC 8478994
245Sc-hi57210.11802,KIC 8478994
245Sc-hi57233.04279,KIC 8478994
245Sc-hi57233.04799,KIC 8478994
245Sc-hi57233.05309,KIC 8478994
245Sc-hi57294.78418,KIC 8478994
245Sc-hi57294.80416,KIC 8478994
245Sc-hi57298.79751,KIC 8478994
245Sc-hi57298.80525,KIC 8478994
245ScH1-hi55313.08640,KIC 8478994
245ScH1-hi55319.11652,KIC 8478994
245ScH1-hi55376.94984,KIC 8478994
245ScH1-hi55396.01997,KIC 8478994
245ScH1-hi55400.96813,KIC 8478994
245ScH1-hi55410.85549,KIC 8478994
245ScH1-hi55425.93424,KIC 8478994
245ScH1-hi55433.93295,KIC 8478994
245ScH1-hi55723.05249,KIC 8478994
245ScH1-hi55723.10013,KIC 8478994
245ScH1-hi55768.86214,KIC 8478994
245ScH1-hi55769.81705,KIC 8478994
245ScH1-hi55770.85879,KIC 8478994
245ScH1-hi55782.04682,KIC 8478994
245ScH1-hi55782.90084,KIC 8478994
245ScH1-hi55787.75436,KIC 8478994
245ScH1-hi55788.99454,KIC 8478994
245ScH1-hi55789.88254,KIC 8478994
245ScH1-hi55790.74725,KIC 8478994
245ScH1-hi55791.74865,KIC 8478994
245ScH1-hi55792.75944,KIC 8478994
245ScH1-hi55794.93816,KIC 8478994
245ScH1-hi55795.75857,KIC 8478994
245ScH1-hi55796.78111,KIC 8478994
245ScH1-hi55797.78352,KIC 8478994
245ScH1-hi55798.75106,KIC 8478994
245ScH1-hi56098.08159,KIC 8478994
245ScH1-hi56115.05786,KIC 8478994
245ScH1-hi56134.99927,KIC 8478994
245ScH1-hi56135.00508,KIC 8478994
245ScH1-hi56135.01077,KIC 8478994
245ScH1-hi56148.95627,KIC 8478994
245ScH1-hi56163.78657,KIC 8478994
245ScH1-hi56164.74585,KIC 8478994
245ScH1-hi56166.81024,KIC 8478994
245ScH1-hi56168.00762,KIC 8478994
245ScH1-hi56174.95238,KIC 8478994
370S-hi55664.13408,KIC 8494142
370Sc-hi56911.82449,KIC 8494142
912S-hi58303.92894,KIC 8505670
692S-hi55707.99481,KIC 8557374
139S-hi55701.02465,KIC 8559644
139ScH1-hi55782.99533,KIC 8559644
1270S-hi57234.07359,KIC 8564587
1275S-hi55789.07651,KIC 8583696
579S-hi55878.78599,KIC 8616637
1279S-hi55791.99225,KIC 8628758
137S-hi55432.90211,KIC 8644288
137Sc-hi56827.98249,KIC 8644288
137Sc-hi56863.91476,KIC 8644288
137Sc-hi56864.83298,KIC 8644288
137Sc-hi57212.03587,KIC 8644288
137ScH1-gm55076.00871,KIC 8644288
137ScH1-gm55076.92703,KIC 8644288
137ScH1-gm55081.02447,KIC 8644288
137ScH1-gm55082.00725,KIC 8644288
137ScH1-gm55083.80956,KIC 8644288
137ScH1-gm55084.98353,KIC 8644288
137ScH1-hi55318.06602,KIC 8644288
137ScH1-hi55322.02921,KIC 8644288
137ScH1-hi55373.00393,KIC 8644288
137ScH1-hi55403.01894,KIC 8644288
137ScH1-hi55405.90915,KIC 8644288
137ScH1-hi55406.88118,KIC 8644288
137ScH1-hi55413.01087,KIC 8644288
137ScH1-hi55432.90211,KIC 8644288
137ScH1-hi55432.96961,KIC 8644288
137ScH1-hi55436.78195,KIC 8644288
137ScH1-hi56109.90515,KIC 8644288
137ScH1-hi56111.84546,KIC 8644288
137ScH1-hi56115.97297,KIC 8644288
137ScH1-hi56140.83922,KIC 8644288
137ScH1-hi56144.92116,KIC 8644288
137ScH1-hi56146.98384,KIC 8644288
1891S-hi57198.05680,KIC 8680979
1629S-hi56099.88719,KIC 8685497
374S-hi55669.11423,KIC 8686097
921S-hi57228.96661,KIC 8689373
1893S-hi56165.01098,KIC 8689793
172S-hi55735.86854,KIC 8692861
1283S-hi55664.12096,KIC 8700771
105S-hi55706.95817,KIC 8711794
693S-hi55789.86663,KIC 8738735
1257S-hi56172.94878,KIC 8751933
321S-hi56143.99753,KIC 8753657
321Sc-hi56179.76359,KIC 8753657
321Sc-hi56450.07195,KIC 8753657
321Sc-hi56483.85673,KIC 8753657
321Sc-hi56489.86134,KIC 8753657
321Sc-hi56493.86809,KIC 8753657
321Sc-hi56848.96899,KIC 8753657
321Sc-hi56854.02068,KIC 8753657
321Sc-hi56892.91148,KIC 8753657
321Sc-hi56893.97702,KIC 8753657
321Sc-hi57262.84390,KIC 8753657
321ScH1-hi55379.03374,KIC 8753657
321ScH1-hi55380.10909,KIC 8753657
321ScH1-hi55403.97941,KIC 8753657
321ScH1-hi55411.83454,KIC 8753657
321ScH1-hi55412.89876,KIC 8753657
321ScH1-hi55427.97600,KIC 8753657
321ScH1-hi55434.82537,KIC 8753657
321ScH1-hi55435.90917,KIC 8753657
321ScH1-hi55751.81331,KIC 8753657
321ScH1-hi55752.85288,KIC 8753657
321ScH1-hi55752.86847,KIC 8753657
321ScH1-hi55759.83997,KIC 8753657
321ScH1-hi55760.93639,KIC 8753657
321ScH1-hi55769.85947,KIC 8753657
321ScH1-hi55788.83954,KIC 8753657
321ScH1-hi55789.98442,KIC 8753657
321ScH1-hi55810.79143,KIC 8753657
321ScH1-hi55811.92082,KIC 8753657
321ScH1-hi55843.81188,KIC 8753657
321ScH1-hi56073.92543,KIC 8753657
321ScH1-hi56075.91733,KIC 8753657
321ScH1-hi56076.99230,KIC 8753657
321ScH1-hi56098.85545,KIC 8753657
321ScH1-hi56099.98544,KIC 8753657
321ScH1-hi56101.02973,KIC 8753657
321ScH1-hi56101.87276,KIC 8753657
321ScH1-hi56103.05011,KIC 8753657
321ScH1-hi56104.05943,KIC 8753657
321ScH1-hi56105.06413,KIC 8753657
321ScH1-hi56109.95502,KIC 8753657
321ScH1-hi56111.02246,KIC 8753657
321ScH1-hi56111.94117,KIC 8753657
321ScH1-hi56115.99960,KIC 8753657
321ScH1-hi56133.83291,KIC 8753657
321ScH1-hi56134.88853,KIC 8753657
321ScH1-hi56138.00891,KIC 8753657
321ScH1-hi56140.86383,KIC 8753657
321ScH1-hi56143.99753,KIC 8753657
321ScH1-hi56163.84332,KIC 8753657
321ScH1-hi56164.75619,KIC 8753657
321ScH1-hi56164.77498,KIC 8753657
321ScH1-hi56166.00396,KIC 8753657
321ScH1-hi56171.98311,KIC 8753657
321ScH1-hi56177.83668,KIC 8753657
321ScH1-hi56179.76359,KIC 8753657
1274S-hi56104.09872,KIC 8800954
1274Sc-hi56493.90430,KIC 8800954
1274Sc-hi56533.79129,KIC 8800954
694S-hi55788.92739,KIC 8802165
695S-hi55706.06232,KIC 8805348
523S-hi56864.98893,KIC 8806123
1282S-hi55738.88793,KIC 8822366
1850S-hi56148.05422,KIC 8826168
42S-hi55318.04835,KIC 8866102
42Sc-hi56880.99162,KIC 8866102
42ScH1-gm54988.97973,KIC 8866102
42ScH1-hi55318.04835,KIC 8866102
464S-hi57236.07896,KIC 8890783
1412S-hi55791.96327,KIC 8950853
700S-hi55707.01303,KIC 8962094
159S-hi55706.05194,KIC 8972058
701S-hi56177.76077,KIC 9002278
701Sc-hi56179.79328,KIC 9002278
701Sc-hi56192.74207,KIC 9002278
701Sc-hi56195.81286,KIC 9002278
701Sc-hi56207.75473,KIC 9002278
701Sc-hi56209.79260,KIC 9002278
701Sc-hi56265.72160,KIC 9002278
701Sc-hi56484.99884,KIC 9002278
701Sc-hi56508.03024,KIC 9002278
701Sc-hi56851.96922,KIC 9002278
701ScH1-hi56137.97466,KIC 9002278
701ScH1-hi56172.75551,KIC 9002278
701ScH1-hi56173.79061,KIC 9002278
701ScH1-hi56174.75651,KIC 9002278
701ScH1-hi56175.82495,KIC 9002278
701ScH1-hi56176.80029,KIC 9002278
701ScH1-hi56177.76077,KIC 9002278
701ScH1-hi56178.75308,KIC 9002278
701ScH1-hi56179.79328,KIC 9002278
701ScH1-hi5708.06715,KIC 9002278
1413S-hi56863.81913,KIC 9006449
582S-hi57210.99265,KIC 9020160
421Sc-hi56909.00359,KIC 9115800
323S-hi55672.08055,KIC 9139084
584S-hi55878.77550,KIC 9146018
1632S-hi56077.11164,KIC 9277896
934S-hi56894.82152,KIC 9334289
249S-hi58623.91472,KIC 9390653
249ScH1-hi55373.91738,KIC 9390653
110S-hi55700.99471,KIC 9450647
271S-hi55664.10731,KIC 9451706
1813S-hi56113.10253,KIC 9455325
1396S-hi56882.97510,KIC 9455556
707S-hi55782.94405,KIC 9458613
939S-hi56175.91736,KIC 9466668
941S-hi56880.97766,KIC 9480189
49S-hi55708.02053,KIC 9527334
165S-hi55768.89729,KIC 9527915
708S-hi55797.96715,KIC 9530945
1886S-hi56098.01098,KIC 9549648
180S-hi55084.77722,KIC 9573539
180ScH1-gm55074.96569,KIC 9573539
180ScH1-gm55076.98501,KIC 9573539
180ScH1-gm55077.87636,KIC 9573539
180ScH1-gm55079.87925,KIC 9573539
180ScH1-gm55079.89831,KIC 9573539
180ScH1-gm55083.84144,KIC 9573539
180ScH1-gm55084.77722,KIC 9573539
709S-hi55790.82031,KIC 9578686
710S-hi55673.10150,KIC 9590976
1819S-hi56099.90063,KIC 9597058
711S-hi55761.90292,KIC 9597345
22S-hi55079.81433,KIC 9631995
22Sc-hi57206.99783,KIC 9631995
22ScH1-gm55014.90256,KIC 9631995
22ScH1-gm55017.04600,KIC 9631995
22ScH1-gm55017.05762,KIC 9631995
22ScH1-gm55041.98290,KIC 9631995
22ScH1-gm55042.81067,KIC 9631995
22ScH1-gm55044.01129,KIC 9631995
22ScH1-gm55045.01333,KIC 9631995
22ScH1-gm55048.87946,KIC 9631995
22ScH1-gm55074.82244,KIC 9631995
22ScH1-gm55075.85576,KIC 9631995
22ScH1-gm55078.88075,KIC 9631995
22ScH1-gm55079.79561,KIC 9631995
22ScH1-gm55079.81433,KIC 9631995
22ScH1-gm55084.82079,KIC 9631995
22ScH1-hi55437.81164,KIC 9631995
22ScH1-hi55465.80303,KIC 9631995
22ScH1-hi55789.81888,KIC 9631995
22ScH1-hi55792.93811,KIC 9631995
1854S-hi56100.86224,KIC 9662811
179S-hi55789.04689,KIC 9663113
2545S-hi56075.88666,KIC 9696358
714S-hi55674.02901,KIC 9702072
947ScH1-hi56172.87337,KIC 9710326
250ScH1-hi55373.02466,KIC 9757613
1852S-hi56105.11488,KIC 9763348
590S-hi56882.04660,KIC 9782691
952ScH1-hi55731.06140,KIC 9787239
1529S-hi56881.96915,KIC 9821454
954S-hi56895.81775,KIC 9823457
717S-hi55706.02771,KIC 9873254
327S-hi55673.04372,KIC 9881662
718S-hi55789.05428,KIC 9884104
1606S-hi55797.97749,KIC 9886661
1779S-hi56077.11907,KIC 9909735
528S-hi56881.98648,KIC 9941859
719S-hi55673.06483,KIC 9950612
719ScH1-hi55810.94357,KIC 9950612
1925S-hi56019.10188,KIC 9955598
1925Sc-hi56494.94130,KIC 9955598
1925Sc-hi56494.94746,KIC 9955598
1925Sc-hi56494.95393,KIC 9955598
1925Sc-hi56512.78167,KIC 9955598
1925Sc-hi56512.78723,KIC 9955598
1925Sc-hi56512.79307,KIC 9955598
1925Sc-hi56513.79657,KIC 9955598
1925Sc-hi56513.80252,KIC 9955598
1925Sc-hi56513.80834,KIC 9955598
1925Sc-hi56518.80232,KIC 9955598
1925Sc-hi56518.80923,KIC 9955598
1925Sc-hi56518.81657,KIC 9955598
1925Sc-hi56519.87841,KIC 9955598
1925Sc-hi56547.83162,KIC 9955598
1925Sc-hi56827.06529,KIC 9955598
1925Sc-hi56846.98480,KIC 9955598
1925Sc-hi56847.97081,KIC 9955598
1925Sc-hi56847.98274,KIC 9955598
1925Sc-hi56850.12241,KIC 9955598
1925Sc-hi56851.04830,KIC 9955598
1925Sc-hi56853.01919,KIC 9955598
1925Sc-hi56853.80343,KIC 9955598
1925Sc-hi56853.91686,KIC 9955598
1925Sc-hi56856.00407,KIC 9955598
1925Sc-hi56863.77267,KIC 9955598
1925Sc-hi56863.77744,KIC 9955598
1925Sc-hi56864.91267,KIC 9955598
1925Sc-hi56864.91873,KIC 9955598
1925Sc-hi56866.07685,KIC 9955598
1925Sc-hi56866.08587,KIC 9955598
1925Sc-hi56866.76490,KIC 9955598
1925Sc-hi56866.77709,KIC 9955598
1925Sc-hi56867.06388,KIC 9955598
1925Sc-hi56867.07292,KIC 9955598
1925Sc-hi56882.94652,KIC 9955598
1925Sc-hi56882.95107,KIC 9955598
1925Sc-hi56883.90493,KIC 9955598
1925Sc-hi56883.91129,KIC 9955598
1925Sc-hi56888.76327,KIC 9955598
1925Sc-hi56888.76777,KIC 9955598
1925Sc-hi56889.77258,KIC 9955598
1925Sc-hi56889.77713,KIC 9955598
1925Sc-hi56890.85203,KIC 9955598
1925Sc-hi56890.85791,KIC 9955598
1925Sc-hi56891.74298,KIC 9955598
1925Sc-hi56891.74795,KIC 9955598
1925Sc-hi56892.75415,KIC 9955598
1925Sc-hi56893.04234,KIC 9955598
1925Sc-hi56894.02850,KIC 9955598
1925Sc-hi56894.03408,KIC 9955598
1925Sc-hi56894.74149,KIC 9955598
1925Sc-hi56895.74366,KIC 9955598
1925Sc-hi56907.84038,KIC 9955598
1925Sc-hi56907.84479,KIC 9955598
1925Sc-hi56910.90349,KIC 9955598
1925Sc-hi56910.90815,KIC 9955598
1925Sc-hi57002.69076,KIC 9955598
1925Sc-hi57203.01606,KIC 9955598
1925Sc-hi57203.02223,KIC 9955598
1925Sc-hi57218.09429,KIC 9955598
720S-hi55783.04451,KIC 9963524
721S-hi55674.10631,KIC 9964801
722S-hi55706.07189,KIC 9965439
1875S-hi56872.00430,KIC 9967771